Agrupación Política,Lista,Distrito,Subcategoría Cargo,Posición,Precandidato,Género,Edad,Age_Bin,Age_Range
BUENOS AIRES PRIMERO (BAP),LISTA UNICA,BUENOS AIRES,TITULARES,1,LUIS IGNACIO ASTORGA,M,39,1,35-40
BUENOS AIRES PRIMERO (BAP),LISTA UNICA,BUENOS AIRES,TITULARES,2,ANTONIA SOTELO,F,55,4,51-56
BUENOS AIRES PRIMERO (BAP),LISTA UNICA,BUENOS AIRES,SUPLENTES,1,GONZALO MARTIN ISASMENDI,M,32,0,30-35
CONFIANZA PUBLICA,VALORES EN ACCION,BUENOS AIRES,TITULARES,1,MARIA ANGELICA GALVEZ,F,59,5,56-61
CONFIANZA PUBLICA,VALORES EN ACCION,BUENOS AIRES,TITULARES,2,ALFREDO ANTONIO TOJO,M,67,7,66-72
CONFIANZA PUBLICA,VALORES EN ACCION,BUENOS AIRES,SUPLENTES,1,MAIRA GUADALUPE FERNANDEZ,F,36,1,35-40
CONFIANZA PUBLICA,VALORES EN ACCION,BUENOS AIRES,SUPLENTES,2,CRISTIAN MARIO BIASOLI,M,44,2,40-46
CONSTRUYENDO PORVENIR,CONSTRUYENDO FUTURO,BUENOS AIRES,TITULARES,1,HORACIO RAUL GHINAUDO,M,73,8,72-77
CONSTRUYENDO PORVENIR,CONSTRUYENDO FUTURO,BUENOS AIRES,TITULARES,2,MONICA ALEJANDRA CURIMA,F,46,3,46-51
CONSTRUYENDO PORVENIR,CONSTRUYENDO FUTURO,BUENOS AIRES,SUPLENTES,1,MARCOS MARTÍN BONABELLO,M,47,3,46-51
CORRIENTE DE PENSAMIENTO BONAERENSE,CORRIENTE DE PENSAMIENTO AUTENTICA,BUENOS AIRES,TITULARES,1,PATRICIA S GARDELLA,F,59,5,56-61
CORRIENTE DE PENSAMIENTO BONAERENSE,CORRIENTE DE PENSAMIENTO AUTENTICA,BUENOS AIRES,TITULARES,2,OSCAR ROBERTO PETTINATO,M,73,8,72-77
CORRIENTE DE PENSAMIENTO BONAERENSE,CORRIENTE DE PENSAMIENTO AUTENTICA,BUENOS AIRES,SUPLENTES,1,MARIANA LAURA QUIROGA,F,47,3,46-51
CORRIENTE DE PENSAMIENTO BONAERENSE,CORRIENTE DE PENSAMIENTO AUTENTICA,BUENOS AIRES,SUPLENTES,2,MIGUEL ALFREDO TOLOSA,M,64,6,61-66
FRENTE DE IZQUIERDA Y DE TRABAJADORES,A UNIR Y FORTALECER LA IZQUIERDA,BUENOS AIRES,TITULARES,1,GRACIELA BEATRIZ CALDERON,F,61,5,56-61
FRENTE DE IZQUIERDA Y DE TRABAJADORES,A UNIR Y FORTALECER LA IZQUIERDA,BUENOS AIRES,TITULARES,2,DARIO JAVIER HERMOSILLA,M,46,3,46-51
FRENTE DE IZQUIERDA Y DE TRABAJADORES,A UNIR Y FORTALECER LA IZQUIERDA,BUENOS AIRES,SUPLENTES,1,MARCELA ALEJANDRA ACOSTA,F,47,3,46-51
FRENTE DE IZQUIERDA Y DE TRABAJADORES,A UNIR Y FORTALECER LA IZQUIERDA,BUENOS AIRES,SUPLENTES,2,JORGE SANTIAGO BOBBIESI,M,47,3,46-51
FRENTE DE IZQUIERDA Y DE TRABAJADORES,B UNIDAD DE LUCHADORES Y LA IZQUIERDA,BUENOS AIRES,TITULARES,1,ROMINA DEL PLA,F,51,4,51-56
FRENTE DE IZQUIERDA Y DE TRABAJADORES,B UNIDAD DE LUCHADORES Y LA IZQUIERDA,BUENOS AIRES,TITULARES,2,NAHUEL  ORELLANA,M,33,0,30-35
FRENTE DE IZQUIERDA Y DE TRABAJADORES,B UNIDAD DE LUCHADORES Y LA IZQUIERDA,BUENOS AIRES,SUPLENTES,1,YAMILE ALMEIDA,F,50,3,46-51
FRENTE DE IZQUIERDA Y DE TRABAJADORES,B UNIDAD DE LUCHADORES Y LA IZQUIERDA,BUENOS AIRES,SUPLENTES,2,MIGUEL BRAVETTI,M,59,5,56-61
FRENTE FEDERAL DE ACCION SOLIDARIA DE LA PROVINCIA DE BUENOS AIRES,ACCION Y SOLIDARIDAD,BUENOS AIRES,TITULARES,1,SILVANA RAQUEL CILISQUI,F,44,2,40-46
FRENTE FEDERAL DE ACCION SOLIDARIA DE LA PROVINCIA DE BUENOS AIRES,ACCION Y SOLIDARIDAD,BUENOS AIRES,TITULARES,2,LUCAS NAHUEL SALAZAR,M,31,0,30-35
FRENTE FEDERAL DE ACCION SOLIDARIA DE LA PROVINCIA DE BUENOS AIRES,ACCION Y SOLIDARIDAD,BUENOS AIRES,SUPLENTES,1,CLAUDIA NATALIA BORDA,F,43,2,40-46
FRENTE FEDERAL DE ACCION SOLIDARIA DE LA PROVINCIA DE BUENOS AIRES,ACCION Y SOLIDARIDAD,BUENOS AIRES,SUPLENTES,2,CARLOS ALBERTO TERESIN MOLINA,M,38,1,35-40
FRENTE FEDERAL DE ACCION SOLIDARIA DE LA PROVINCIA DE BUENOS AIRES,SERVIR,BUENOS AIRES,TITULARES,1,ANDREA VANESA URREJOLA,F,36,1,35-40
FRENTE FEDERAL DE ACCION SOLIDARIA DE LA PROVINCIA DE BUENOS AIRES,SERVIR,BUENOS AIRES,TITULARES,2,DANIEL MIGUEL PALACIO,M,44,2,40-46
FRENTE FEDERAL DE ACCION SOLIDARIA DE LA PROVINCIA DE BUENOS AIRES,SERVIR,BUENOS AIRES,SUPLENTES,1,CELIA ESTHER ORUE,F,43,2,40-46
FRENTE FEDERAL DE ACCION SOLIDARIA DE LA PROVINCIA DE BUENOS AIRES,SERVIR,BUENOS AIRES,SUPLENTES,2,LUIS OSVALDO MALHEIRO,M,52,4,51-56
FRENTE FEDERAL DE ACCION SOLIDARIA DE LA PROVINCIA DE BUENOS AIRES,SOLIDARIOS,BUENOS AIRES,TITULARES,1,ARCELIA RAMIREZ,F,54,4,51-56
FRENTE FEDERAL DE ACCION SOLIDARIA DE LA PROVINCIA DE BUENOS AIRES,SOLIDARIOS,BUENOS AIRES,TITULARES,2,RICARDO LUCIANO PAEZ,M,57,5,56-61
FRENTE FEDERAL DE ACCION SOLIDARIA DE LA PROVINCIA DE BUENOS AIRES,SOLIDARIOS,BUENOS AIRES,SUPLENTES,1,MIRIAM ESTELA ROMERO,F,55,4,51-56
FRENTE FEDERAL DE ACCION SOLIDARIA DE LA PROVINCIA DE BUENOS AIRES,SOLIDARIOS,BUENOS AIRES,SUPLENTES,2,CARLOS ALBERTO DIARTE,M,40,1,35-40
FRENTE PATRIOTA FEDERAL,PRIMERO LA PATRIA,BUENOS AIRES,TITULARES,1,LEONARDO RENATO RAMON BARIANI,M,74,8,72-77
FRENTE PATRIOTA FEDERAL,PRIMERO LA PATRIA,BUENOS AIRES,TITULARES,2,MARIA VICTORIA ARREDONDO,F,37,1,35-40
FRENTE PATRIOTA FEDERAL,PRIMERO LA PATRIA,BUENOS AIRES,SUPLENTES,1,OSCAR VICTORIO SARANZOTTI,M,70,7,66-72
FRENTE PATRIOTA FEDERAL,PRIMERO LA PATRIA,BUENOS AIRES,SUPLENTES,2,ROBERTA ROMINA AGUIRRE,F,43,2,40-46
HACEMOS POR NUESTRO PAIS,HACEMOS,BUENOS AIRES,TITULARES,1,ROCIO SOLEDAD GIACCONE,F,42,2,40-46
HACEMOS POR NUESTRO PAIS,HACEMOS,BUENOS AIRES,TITULARES,2,MARTIN EDUARDO PALMA BASTIDAS,M,42,2,40-46
HACEMOS POR NUESTRO PAIS,HACEMOS,BUENOS AIRES,SUPLENTES,1,GRACIELA NORA REGO,F,69,7,66-72
HACEMOS POR NUESTRO PAIS,HACEMOS,BUENOS AIRES,SUPLENTES,2,ROBERTO HECTOR VILLA,M,70,7,66-72
JUNTOS POR EL CAMBIO,EL CAMBIO DE NUESTRAS VIDAS,BUENOS AIRES,TITULARES,1,JOSÉ LUIS ESPERT,M,62,6,61-66
JUNTOS POR EL CAMBIO,EL CAMBIO DE NUESTRAS VIDAS,BUENOS AIRES,TITULARES,2,CYNTHIA LILIANA HOTTON,F,54,4,51-56
JUNTOS POR EL CAMBIO,EL CAMBIO DE NUESTRAS VIDAS,BUENOS AIRES,SUPLENTES,1,BRUNO GUIDO SCRENCI SILVA,M,53,4,51-56
JUNTOS POR EL CAMBIO,EL CAMBIO DE NUESTRAS VIDAS,BUENOS AIRES,SUPLENTES,2,ROSALIA DE LOS ANGELES FUCELLO,F,44,2,40-46
JUNTOS POR EL CAMBIO,LA FUERZA DEL CAMBIO,BUENOS AIRES,TITULARES,1,MAXIMILIANO ABAD,M,46,3,46-51
JUNTOS POR EL CAMBIO,LA FUERZA DEL CAMBIO,BUENOS AIRES,TITULARES,2,MARIA EUGENIA TALERICO,F,52,4,51-56
JUNTOS POR EL CAMBIO,LA FUERZA DEL CAMBIO,BUENOS AIRES,SUPLENTES,1,PABLO HECTOR WALTER,M,56,4,51-56
JUNTOS POR EL CAMBIO,LA FUERZA DEL CAMBIO,BUENOS AIRES,SUPLENTES,2,MARIA DE LUJAN GUARDO,F,52,4,51-56
JUSTICIA Y DIGNIDAD PATRIOTICA,P.A.S.E,BUENOS AIRES,TITULARES,1,LUIS ALFREDO FERNANDEZ,M,55,4,51-56
JUSTICIA Y DIGNIDAD PATRIOTICA,P.A.S.E,BUENOS AIRES,TITULARES,2,ANA CATALINA CRISPENS,F,58,5,56-61
JUSTICIA Y DIGNIDAD PATRIOTICA,P.A.S.E,BUENOS AIRES,SUPLENTES,1,JOSE ANTONIO PAREDES,M,62,6,61-66
JUSTICIA Y DIGNIDAD PATRIOTICA,P.A.S.E,BUENOS AIRES,SUPLENTES,2,RAMONA BEATRIZ JEREZ,F,65,6,61-66
LA LIBERTAD AVANZA,LIBERTAD POR SIEMPRE,BUENOS AIRES,TITULARES,1,JUAN IGNACIO NAPOLI,M,53,4,51-56
LA LIBERTAD AVANZA,LIBERTAD POR SIEMPRE,BUENOS AIRES,TITULARES,2,GLADYS NOEMI HUMENUK,F,50,3,46-51
LA LIBERTAD AVANZA,LIBERTAD POR SIEMPRE,BUENOS AIRES,SUPLENTES,1,ALVARO GARCIA,M,44,2,40-46
LA LIBERTAD AVANZA,LIBERTAD POR SIEMPRE,BUENOS AIRES,SUPLENTES,2,CAMILA BECERRA,F,37,1,35-40
MOVIMIENTO AVANZADA SOCIALISTA,IZQUIERDA ANTICAPITALISTA,BUENOS AIRES,TITULARES,1,LUIS MARIO DI BARTOLO,M,50,3,46-51
MOVIMIENTO AVANZADA SOCIALISTA,IZQUIERDA ANTICAPITALISTA,BUENOS AIRES,TITULARES,2,MARIA LAURA GRANILLO,F,37,1,35-40
MOVIMIENTO IZQUIERDA JUVENTUD DIGNIDAD,CONFEDERAL,BUENOS AIRES,TITULARES,1,CLAUDIO MARCELO MORGADO,M,64,6,61-66
MOVIMIENTO IZQUIERDA JUVENTUD DIGNIDAD,CONFEDERAL,BUENOS AIRES,SUPLENTES,1,CHRISTIAN ANDRES NAON,M,45,2,40-46
MOVIMIENTO IZQUIERDA JUVENTUD DIGNIDAD,CONFEDERAL,BUENOS AIRES,SUPLENTES,2,KARINA ANDREA CASCO,F,41,2,40-46
MOVIMIENTO IZQUIERDA JUVENTUD DIGNIDAD,LINEA A DIGNIDAD,BUENOS AIRES,TITULARES,1,NINA PELOZO,F,62,6,61-66
MOVIMIENTO IZQUIERDA JUVENTUD DIGNIDAD,LINEA A DIGNIDAD,BUENOS AIRES,TITULARES,2,ALEJANDRO DARIO YBARRA,M,39,1,35-40
MOVIMIENTO IZQUIERDA JUVENTUD DIGNIDAD,LINEA A DIGNIDAD,BUENOS AIRES,SUPLENTES,1,MARIA SOLEDAD GÓMEZ,F,32,0,30-35
MOVIMIENTO IZQUIERDA JUVENTUD DIGNIDAD,LINEA A DIGNIDAD,BUENOS AIRES,SUPLENTES,2,CARLOS FERNANDEZ,M,58,5,56-61
MOVIMIENTO LIBRES DEL SUR,LISTA AZUL Y ROJO,BUENOS AIRES,TITULARES,1,HUMBERTO MIGUEL TUMINI,M,74,8,72-77
MOVIMIENTO LIBRES DEL SUR,LISTA AZUL Y ROJO,BUENOS AIRES,TITULARES,2,LAURA INES LONATTI,F,59,5,56-61
MOVIMIENTO LIBRES DEL SUR,LISTA AZUL Y ROJO,BUENOS AIRES,SUPLENTES,1,FRANCO ARDUSSO,M,30,0,30-35
MOVIMIENTO LIBRES DEL SUR,LISTA AZUL Y ROJO,BUENOS AIRES,SUPLENTES,2,ROSANA GOMEZ,F,41,2,40-46
NUEVA UNION CELESTE,CELESTE,BUENOS AIRES,TITULARES,1,JUAN CARLOS NEVES,M,75,8,72-77
NUEVA UNION CELESTE,CELESTE,BUENOS AIRES,TITULARES,2,MARIA ISABEL COSTA MENDES,F,51,4,51-56
NUEVA UNION CELESTE,CELESTE,BUENOS AIRES,SUPLENTES,1,LUIS ALBERTO REY,M,57,5,56-61
NUEVA UNION CELESTE,CELESTE,BUENOS AIRES,SUPLENTES,2,ROSA JUANA MONTESINO DIAZ,F,74,8,72-77
PARTIDO LABORISTA,FRENTE LABORISTA,BUENOS AIRES,TITULARES,1,MARIA ALICIA ARCE,F,44,2,40-46
PARTIDO LABORISTA,FRENTE LABORISTA,BUENOS AIRES,TITULARES,2,HUGO MIGUEL SAN MARTIN,M,50,3,46-51
PARTIDO LABORISTA,FRENTE LABORISTA,BUENOS AIRES,SUPLENTES,1,FLAVIA GABRIELA GOROSITO,F,41,2,40-46
PARTIDO LABORISTA,FRENTE LABORISTA,BUENOS AIRES,SUPLENTES,2,HECTOR DANIEL GONZALEZ,M,35,0,30-35
PARTIDO LABORISTA,LA CLASE OBRERA,BUENOS AIRES,TITULARES,1,ZULMA ISABEL VALENZUELA,F,51,4,51-56
PARTIDO LABORISTA,LA CLASE OBRERA,BUENOS AIRES,TITULARES,2,JORGE NATALIO LEON,M,55,4,51-56
PARTIDO LABORISTA,LA CLASE OBRERA,BUENOS AIRES,SUPLENTES,1,ANGELA BEATRIZ CISNEROS,F,49,3,46-51
PARTIDO LABORISTA,LA CLASE OBRERA,BUENOS AIRES,SUPLENTES,2,LUCAS ALEJANDRO ROBLES,M,31,0,30-35
PARTIDO LABORISTA,REFUNDACION,BUENOS AIRES,TITULARES,1,RAMONA SOLEDAD IBARRA,F,38,1,35-40
PARTIDO LABORISTA,REFUNDACION,BUENOS AIRES,TITULARES,2,LEONARDO JAVIER CRUCIANELLI,M,47,3,46-51
PARTIDO LABORISTA,REFUNDACION,BUENOS AIRES,SUPLENTES,1,TAMARA NOEMI HOLLOMBACH,F,32,0,30-35
PARTIDO LABORISTA,REFUNDACION,BUENOS AIRES,SUPLENTES,2,MATIAS GABRIEL ORTELLADO,M,32,0,30-35
PARTIDO LABORISTA,VOLVER A LAS FUENTES,BUENOS AIRES,TITULARES,1,LUIS CARLOS DEL ROSARIO RAMIREZ,M,60,5,56-61
PARTIDO LABORISTA,VOLVER A LAS FUENTES,BUENOS AIRES,TITULARES,2,VIVIANA BEATRIZ LOPEZ,F,32,0,30-35
PARTIDO LABORISTA,VOLVER A LAS FUENTES,BUENOS AIRES,SUPLENTES,1,UBALDO MUÑOZ,M,67,7,66-72
PARTIDO LABORISTA,VOLVER A LAS FUENTES,BUENOS AIRES,SUPLENTES,2,NATALIA PAMELA PATEL,F,34,0,30-35
PARTIDO LIBERTARIO,LIBERTARIOS,BUENOS AIRES,TITULARES,1,SILVIA BEATRIZ GARCIA,F,58,5,56-61
PARTIDO LIBERTARIO,LIBERTARIOS,BUENOS AIRES,TITULARES,2,GUILLERMO AMERICO AGUIRRE,M,36,1,35-40
PARTIDO LIBERTARIO,LIBERTARIOS,BUENOS AIRES,SUPLENTES,1,CLARA LUJAN CARBONE PAZ,F,56,4,51-56
PARTIDO LIBERTARIO,LIBERTARIOS,BUENOS AIRES,SUPLENTES,2,RODRIGO SEBASTIAN MEDRANO,M,32,0,30-35
PARTIDO MOVIMIENTO ORGANIZACION DEMOCRATICA (MODE),UNIDAD,BUENOS AIRES,TITULARES,1,FERNANDO JORGE DI FILIPPO,M,70,7,66-72
PARTIDO MOVIMIENTO ORGANIZACION DEMOCRATICA (MODE),UNIDAD,BUENOS AIRES,TITULARES,2,AGUSTINA YOLANDA VALDEZ,F,77,9,77-82
PARTIDO PRINCIPIOS Y VALORES,FUERZA FEDERAL,BUENOS AIRES,TITULARES,1,ROBERTO EDUARDO DAMBORIANA,M,71,7,66-72
PARTIDO PRINCIPIOS Y VALORES,FUERZA FEDERAL,BUENOS AIRES,TITULARES,2,VERONICA ALEJANDRA DEOTO,F,48,3,46-51
PARTIDO PRINCIPIOS Y VALORES,FUERZA FEDERAL,BUENOS AIRES,SUPLENTES,1,CRISTIAN GABRIEL CONTURIER,M,49,3,46-51
PARTIDO PRINCIPIOS Y VALORES,FUERZA FEDERAL,BUENOS AIRES,SUPLENTES,2,LUCIA FLORENCIA MIÑO,F,36,1,35-40
PARTIDO PRINCIPIOS Y VALORES,TIERRA TECHO Y TRABAJO,BUENOS AIRES,TITULARES,1,ANDREA NATALIA MELO,F,37,1,35-40
PARTIDO PRINCIPIOS Y VALORES,TIERRA TECHO Y TRABAJO,BUENOS AIRES,TITULARES,2,CARLOS ANTONIO DUARTE,M,70,7,66-72
PARTIDO PRINCIPIOS Y VALORES,TIERRA TECHO Y TRABAJO,BUENOS AIRES,SUPLENTES,1,KARINA GISELA GELVES,F,35,0,30-35
PARTIDO PRINCIPIOS Y VALORES,TIERRA TECHO Y TRABAJO,BUENOS AIRES,SUPLENTES,2,ADRIÁN POSE,M,49,3,46-51
PARTIDO UNIDAD SOCIAL (PUS),UNIDOS,BUENOS AIRES,TITULARES,1,CLAUDIO SERGIO MILILLO,M,53,4,51-56
PARTIDO UNIDAD SOCIAL (PUS),UNIDOS,BUENOS AIRES,TITULARES,2,MERCEDES BEATRIZ DIAZ,F,49,3,46-51
PARTIDO UNIDAD SOCIAL (PUS),UNIDOS,BUENOS AIRES,SUPLENTES,1,ALEJANDRO ROBERTO SALINAS,M,60,5,56-61
PARTIDO UNIDAD SOCIAL (PUS),UNIDOS,BUENOS AIRES,SUPLENTES,2,TAMARA SOLEDAD MONTES,F,33,0,30-35
PARTIDO VOCACION SOCIAL,VALORES Y SOLIDARIDAD,BUENOS AIRES,TITULARES,1,NAHUEL BECHARA ARCURI,M,30,0,30-35
PARTIDO VOCACION SOCIAL,VALORES Y SOLIDARIDAD,BUENOS AIRES,TITULARES,2,MARÍA EUGENIA CORONEL DIAZ,F,44,2,40-46
PARTIDO VOCACION SOCIAL,VALORES Y SOLIDARIDAD,BUENOS AIRES,SUPLENTES,1,MARCELO LUIS ADORNO,M,57,5,56-61
PARTIDO VOCACION SOCIAL,VALORES Y SOLIDARIDAD,BUENOS AIRES,SUPLENTES,2,ANALIA CLAUDIA COLOMBO,F,54,4,51-56
POLITICA ABIERTA PARA LA INTEGRIDAD SOCIAL,AZUL UNICA,BUENOS AIRES,TITULARES,1,LUIS PABLO NARVAJA,M,68,7,66-72
POLITICA ABIERTA PARA LA INTEGRIDAD SOCIAL,AZUL UNICA,BUENOS AIRES,TITULARES,2,MARÍA BELÉN DI PASQUALE,F,37,1,35-40
POLITICA ABIERTA PARA LA INTEGRIDAD SOCIAL,AZUL UNICA,BUENOS AIRES,SUPLENTES,1,NESTOR ANDRES DI PASQUALE,M,33,0,30-35
POLITICA OBRERA,UNIDAD OBRERA,BUENOS AIRES,TITULARES,1,MANUEL IGNACIO QUIROGA,M,45,2,40-46
PROYECTO JOVEN,COALICION PAZ DEMOCRACIA SOBERANIA,BUENOS AIRES,TITULARES,1,RODOLFO PABLO TREBER,M,35,0,30-35
PROYECTO JOVEN,COALICION PAZ DEMOCRACIA SOBERANIA,BUENOS AIRES,TITULARES,2,JACQUELINE CORDO,F,35,0,30-35
PROYECTO JOVEN,COALICION PAZ DEMOCRACIA SOBERANIA,BUENOS AIRES,SUPLENTES,1,ROBERTO CARLOS SINGH,M,50,3,46-51
PROYECTO JOVEN,COALICION PAZ DEMOCRACIA SOBERANIA,BUENOS AIRES,SUPLENTES,2,LORENA INES BARRERA,F,46,3,46-51
PROYECTO JOVEN,FRENTE JOVEN,BUENOS AIRES,TITULARES,1,CARLOS ALBERTO TOBAR,M,49,3,46-51
PROYECTO JOVEN,FRENTE JOVEN,BUENOS AIRES,TITULARES,2,DIANA YAMINA DIAZ,F,44,2,40-46
PROYECTO JOVEN,FRENTE JOVEN,BUENOS AIRES,SUPLENTES,1,EMMANUEL BARROS,M,32,0,30-35
PROYECTO JOVEN,FRENTE JOVEN,BUENOS AIRES,SUPLENTES,2,EDITH LILIANA PAREDES,F,63,6,61-66
PROYECTO JOVEN,PATRIA UNIDA,BUENOS AIRES,TITULARES,1,PABLO HERNAN ARGÜELLO,M,44,2,40-46
PROYECTO JOVEN,PATRIA UNIDA,BUENOS AIRES,TITULARES,2,GRACIELA SUSANA ROCHA,F,42,2,40-46
PROYECTO JOVEN,PATRIA UNIDA,BUENOS AIRES,SUPLENTES,1,JORGE GABRIEL CASARES,M,69,7,66-72
PROYECTO JOVEN,PATRIA UNIDA,BUENOS AIRES,SUPLENTES,2,MARCELA MYRIAM BONETTI,F,60,5,56-61
TODOS POR BUENOS AIRES,,BUENOS AIRES,TITULARES,1,DAIANA MARCELA PAEZ,F,32,0,30-35
TODOS POR BUENOS AIRES,,BUENOS AIRES,TITULARES,2,CESAR RAMON FERREYRA,M,49,3,46-51
TODOS POR BUENOS AIRES,,BUENOS AIRES,SUPLENTES,1,PAULA ADRIANA DE LA FUENTE,F,36,1,35-40
TODOS POR BUENOS AIRES,,BUENOS AIRES,SUPLENTES,2,JAVIER DANIEL MASSOLO,M,34,0,30-35
UNION POR LA PATRIA,CELESTE Y BLANCA NÚMERO LISTA 2,BUENOS AIRES,TITULARES,1,EDUARDO WADO DE PEDRO,M,47,3,46-51
UNION POR LA PATRIA,CELESTE Y BLANCA NÚMERO LISTA 2,BUENOS AIRES,TITULARES,2,JULIANA DI TULLIO,F,52,4,51-56
UNION POR LA PATRIA,CELESTE Y BLANCA NÚMERO LISTA 2,BUENOS AIRES,SUPLENTES,1,JULIAN ANDRES DOMINGUEZ,M,60,5,56-61
UNION POR LA PATRIA,CELESTE Y BLANCA NÚMERO LISTA 2,BUENOS AIRES,SUPLENTES,2,MARINA ALEJANDRA MORETTI,F,49,3,46-51
JUNTOS POR EL CAMBIO,#PODES CONFIAR ESTAMOS CON VOS,FORMOSA,TITULARES,1,FERNANDO CARBAJAL,M,59,5,56-61
JUNTOS POR EL CAMBIO,#PODES CONFIAR ESTAMOS CON VOS,FORMOSA,TITULARES,2,MARIA CELESTE RUIZ DIAZ,F,43,2,40-46
JUNTOS POR EL CAMBIO,#PODES CONFIAR ESTAMOS CON VOS,FORMOSA,SUPLENTES,1,FABRIZIO VILLAGGI,M,33,0,30-35
JUNTOS POR EL CAMBIO,#PODES CONFIAR ESTAMOS CON VOS,FORMOSA,SUPLENTES,2,PATRICIA ELIZABETH CAPPELLO,F,59,5,56-61
JUNTOS POR EL CAMBIO,LA FUERZA DEL CAMBIO,FORMOSA,TITULARES,1,LUIS CARLOS PETCOFF NAIDENOFF,M,56,4,51-56
JUNTOS POR EL CAMBIO,LA FUERZA DEL CAMBIO,FORMOSA,TITULARES,2,AGOSTINA VILLAGGI,F,38,1,35-40
JUNTOS POR EL CAMBIO,LA FUERZA DEL CAMBIO,FORMOSA,SUPLENTES,1,MARTIN OSVALDO HERNANDEZ,M,51,4,51-56
JUNTOS POR EL CAMBIO,LA FUERZA DEL CAMBIO,FORMOSA,SUPLENTES,2,NORMA BEATRIZ AYALA,F,47,3,46-51
LA LIBERTAD AVANZA,LA LIBERTAD AVANZA,FORMOSA,TITULARES,1,FRANCISCO MANUEL PAOLTRONI,M,42,2,40-46
LA LIBERTAD AVANZA,LA LIBERTAD AVANZA,FORMOSA,TITULARES,2,NELIDA ELVA SOTELO,F,55,4,51-56
LA LIBERTAD AVANZA,LA LIBERTAD AVANZA,FORMOSA,SUPLENTES,1,FABIAN ALCIDES FIRMAN,M,55,4,51-56
LA LIBERTAD AVANZA,LA LIBERTAD AVANZA,FORMOSA,SUPLENTES,2,MAGDALENA ELIZABETH BARRIOS,F,65,6,61-66
MOVIMIENTO LIBRES DEL SUR,AZUL Y ROJO,FORMOSA,TITULARES,1,GERVASIO ANTONIO NIEVA,M,62,6,61-66
MOVIMIENTO LIBRES DEL SUR,AZUL Y ROJO,FORMOSA,TITULARES,2,ALEJANDRA ELIZABETH SOTO,F,41,2,40-46
MOVIMIENTO LIBRES DEL SUR,AZUL Y ROJO,FORMOSA,SUPLENTES,1,RAUL ARSENIO DIAZ EBEL,M,51,4,51-56
MOVIMIENTO LIBRES DEL SUR,AZUL Y ROJO,FORMOSA,SUPLENTES,2,NORMA MARIA JIMENA DIAZ,F,30,0,30-35
UNION POR LA PATRIA,"LISTA 2 CELESTE, BLANCA Y AZUL",FORMOSA,TITULARES,1,JOSE MIGUEL ANGEL MAYANS,M,66,6,61-66
UNION POR LA PATRIA,"LISTA 2 CELESTE, BLANCA Y AZUL",FORMOSA,TITULARES,2,MARIA TERESA MARGARITA GONZALEZ,F,62,6,61-66
UNION POR LA PATRIA,"LISTA 2 CELESTE, BLANCA Y AZUL",FORMOSA,SUPLENTES,1,GILDO INSFRAN,M,72,8,72-77
UNION POR LA PATRIA,"LISTA 2 CELESTE, BLANCA Y AZUL",FORMOSA,SUPLENTES,2,CRISTINA SUSANA MIRASSOU,F,71,7,66-72
CAMBIA JUJUY,LISTA A SIGAMOS CAMBIANDO JUJUY,JUJUY,TITULARES,1,MARIO FIAD,M,66,6,61-66
CAMBIA JUJUY,LISTA A SIGAMOS CAMBIANDO JUJUY,JUJUY,TITULARES,2,SILVIA GIACOPPO,F,64,6,61-66
CAMBIA JUJUY,LISTA A SIGAMOS CAMBIANDO JUJUY,JUJUY,SUPLENTES,1,MARIO ALEJANDRO PIZARRO,M,64,6,61-66
CAMBIA JUJUY,LISTA A SIGAMOS CAMBIANDO JUJUY,JUJUY,SUPLENTES,2,MARIA EUGENIA TULIA SNOPEK,F,50,3,46-51
CAMBIA JUJUY,LISTA B LA FUERZA DEL CAMBIO,JUJUY,TITULARES,1,NARDA ALEJANDRA CORDERO,F,51,4,51-56
CAMBIA JUJUY,LISTA B LA FUERZA DEL CAMBIO,JUJUY,TITULARES,2,JUAN ADAN BARREIRO,M,78,9,77-82
CAMBIA JUJUY,LISTA B LA FUERZA DEL CAMBIO,JUJUY,SUPLENTES,1,ELBA ALINA CARI,F,43,2,40-46
CAMBIA JUJUY,LISTA B LA FUERZA DEL CAMBIO,JUJUY,SUPLENTES,2,JOAQUÍN GONZALO FERNÁNDEZ,M,31,0,30-35
CAMBIA JUJUY,LISTA C UNIR AL CAMBIO,JUJUY,TITULARES,1,MARIA LUISA ORDOÑEZ,F,53,4,51-56
CAMBIA JUJUY,LISTA C UNIR AL CAMBIO,JUJUY,TITULARES,2,SERGIO ALEX CARRIZO,M,47,3,46-51
CAMBIA JUJUY,LISTA C UNIR AL CAMBIO,JUJUY,SUPLENTES,1,CELIA YOLANDA DIAZ,F,57,5,56-61
FRENTE DE IZQUIERDA Y DE TRABAJADORES-UNIDAD,A UNIDAD DE LUCHADORES Y LA IZQUIERDA,JUJUY,TITULARES,1,SEBASTIAN COPELLO,M,32,0,30-35
FRENTE DE IZQUIERDA Y DE TRABAJADORES-UNIDAD,A UNIDAD DE LUCHADORES Y LA IZQUIERDA,JUJUY,TITULARES,2,ALEJANDRA MARGARITA ZAMBRANO,F,41,2,40-46
FRENTE DE IZQUIERDA Y DE TRABAJADORES-UNIDAD,A UNIDAD DE LUCHADORES Y LA IZQUIERDA,JUJUY,SUPLENTES,1,JORGE DAVID HOYOS,M,46,3,46-51
FRENTE DE IZQUIERDA Y DE TRABAJADORES-UNIDAD,A UNIDAD DE LUCHADORES Y LA IZQUIERDA,JUJUY,SUPLENTES,2,ABIGAIL BRENDA ESCALANTE,F,32,0,30-35
FRENTE DE IZQUIERDA Y DE TRABAJADORES-UNIDAD,UNIR Y FORTALECER LA IZQUIERDA 1A,JUJUY,TITULARES,1,ALEJANDRO ARIEL VILCA,M,47,3,46-51
FRENTE DE IZQUIERDA Y DE TRABAJADORES-UNIDAD,UNIR Y FORTALECER LA IZQUIERDA 1A,JUJUY,TITULARES,2,LAMIA NAHIR DEBBO,F,32,0,30-35
FRENTE DE IZQUIERDA Y DE TRABAJADORES-UNIDAD,UNIR Y FORTALECER LA IZQUIERDA 1A,JUJUY,SUPLENTES,1,GUILLERMO DANIEL ALEMAN,M,36,1,35-40
FRENTE DE IZQUIERDA Y DE TRABAJADORES-UNIDAD,UNIR Y FORTALECER LA IZQUIERDA 1A,JUJUY,SUPLENTES,2,JULIA FERNANDA GIRIBONE STANLEY,F,45,2,40-46
HACEMOS POR NUESTRO PAIS,HACEMOS POR JUJUY,JUJUY,TITULARES,1,OSCAR AGUSTÍN PERASSI,M,74,8,72-77
HACEMOS POR NUESTRO PAIS,HACEMOS POR JUJUY,JUJUY,TITULARES,2,ANGELA SUSANA AGUIAR,F,76,8,72-77
HACEMOS POR NUESTRO PAIS,HACEMOS POR JUJUY,JUJUY,SUPLENTES,1,DANTE PAUL ALVAREZ DODI,M,50,3,46-51
HACEMOS POR NUESTRO PAIS,HACEMOS POR JUJUY,JUJUY,SUPLENTES,2,MARIA DEL VALLE CALPANCHAY,F,48,3,46-51
MOVIMIENTO INTEGRACIóN LATINOAMERICANA DE EXPRESIóN SOCIAL-M.I.L.E.S.,JUJUY TIENE FUTURO CON PRINCIPIOS Y VALORES,JUJUY,TITULARES,1,RODOLFO ALEJANDRO TECCHI,M,68,7,66-72
MOVIMIENTO INTEGRACIóN LATINOAMERICANA DE EXPRESIóN SOCIAL-M.I.L.E.S.,JUJUY TIENE FUTURO CON PRINCIPIOS Y VALORES,JUJUY,TITULARES,2,GEORGINA PAOLA SOSA,F,38,1,35-40
MOVIMIENTO INTEGRACIóN LATINOAMERICANA DE EXPRESIóN SOCIAL-M.I.L.E.S.,JUJUY TIENE FUTURO CON PRINCIPIOS Y VALORES,JUJUY,SUPLENTES,1,HUGO ORLANDO UZQUEDA,M,48,3,46-51
MOVIMIENTO INTEGRACIóN LATINOAMERICANA DE EXPRESIóN SOCIAL-M.I.L.E.S.,JUJUY TIENE FUTURO CON PRINCIPIOS Y VALORES,JUJUY,SUPLENTES,2,GLADYS ERNESTINA ZAMBRANO,F,59,5,56-61
PARTIDO RENOVADOR FEDERAL,LIBERTAD JUJUY 1A,JUJUY,TITULARES,1,EZEQUIEL ATAUCHE,M,41,2,40-46
PARTIDO RENOVADOR FEDERAL,LIBERTAD JUJUY 1A,JUJUY,TITULARES,2,VILMA FACUNDA BEDIA,F,62,6,61-66
PARTIDO RENOVADOR FEDERAL,LIBERTAD JUJUY 1A,JUJUY,SUPLENTES,1,KEVIN GUSTAVO BALLESTY,M,39,1,35-40
PARTIDO RENOVADOR FEDERAL,LIBERTAD JUJUY 1A,JUJUY,SUPLENTES,2,ALICIA VALERIA ALVAREZ,F,45,2,40-46
UNION POR LA PATRIA,CELESTE Y BLANCA,JUJUY,TITULARES,1,RUBEN ARMANDO RIVAROLA,M,70,7,66-72
UNION POR LA PATRIA,CELESTE Y BLANCA,JUJUY,TITULARES,2,KARINA MARISOL PANIAGUA,F,48,3,46-51
UNION POR LA PATRIA,CELESTE Y BLANCA,JUJUY,SUPLENTES,1,PEDRO HORACIO BELIZAN,M,50,3,46-51
UNION POR LA PATRIA,CELESTE Y BLANCA,JUJUY,SUPLENTES,2,SILVIA REGINA EDITH VALDIVIEZO,F,39,1,35-40
UNION POR LA PATRIA,UNIDAD RENOVADORA,JUJUY,TITULARES,1,MARIA CAROLINA MOISES,F,48,3,46-51
UNION POR LA PATRIA,UNIDAD RENOVADORA,JUJUY,TITULARES,2,ADRIAN RUBEN MENDIETA,M,49,3,46-51
UNION POR LA PATRIA,UNIDAD RENOVADORA,JUJUY,SUPLENTES,1,FERNANDA COLQUE,F,57,5,56-61
UNION POR LA PATRIA,UNIDAD RENOVADORA,JUJUY,SUPLENTES,2,CARLOS MANUEL DE APARICI,M,46,3,46-51
UNION POR LA PATRIA,UNION POR JUJUY,JUJUY,TITULARES,1,LEILA SUSANA CHAHER,F,39,1,35-40
UNION POR LA PATRIA,UNION POR JUJUY,JUJUY,TITULARES,2,FRANCISCO JAVIER HINOJO,M,47,3,46-51
UNION POR LA PATRIA,UNION POR JUJUY,JUJUY,SUPLENTES,1,DANIELA ALEJANDRA JALED,F,33,0,30-35
UNION POR LA PATRIA,UNION POR JUJUY,JUJUY,SUPLENTES,2,JUAN IGNACIO MUÑOZ,M,43,2,40-46
DEMOCRATA CRISTIANO,HACEMOS UNIDOS POR LA RIOJA,LA RIOJA,TITULARES,1,ALBERTO NICOLAS PAREDES URQUIZA,M,57,5,56-61
DEMOCRATA CRISTIANO,HACEMOS UNIDOS POR LA RIOJA,LA RIOJA,TITULARES,2,ANDREA MARIA MERCADO LUNA,F,56,4,51-56
DEMOCRATA CRISTIANO,HACEMOS UNIDOS POR LA RIOJA,LA RIOJA,SUPLENTES,1,HORACIO GABRIEL PASCUALE,M,49,3,46-51
DEMOCRATA CRISTIANO,HACEMOS UNIDOS POR LA RIOJA,LA RIOJA,SUPLENTES,2,CYNTHIA RAQUEL NUÑEZ,F,44,2,40-46
FRENTE DE IZQUIERDA Y DE TRABAJADORES - UNIDAD, UNIDAD DE LUCHADORES Y  LA IZQUIERDA,LA RIOJA,TITULARES,1,BERNARDINO ALBERTO ALEJANDRO POLI GUASELO,M,46,3,46-51
FRENTE DE IZQUIERDA Y DE TRABAJADORES - UNIDAD, UNIDAD DE LUCHADORES Y  LA IZQUIERDA,LA RIOJA,TITULARES,2,KARINA DIAZ,F,51,4,51-56
FRENTE DE IZQUIERDA Y DE TRABAJADORES - UNIDAD, UNIDAD DE LUCHADORES Y  LA IZQUIERDA,LA RIOJA,SUPLENTES,1,ANASTACIO DOMINGO VEDIA,M,52,4,51-56
FRENTE DE IZQUIERDA Y DE TRABAJADORES - UNIDAD, UNIDAD DE LUCHADORES Y  LA IZQUIERDA,LA RIOJA,SUPLENTES,2,CLAUDIA FABIANA BAIGORRIA,F,51,4,51-56
FRENTE DE IZQUIERDA Y DE TRABAJADORES - UNIDAD,UNIR Y FORTALECER LA IZQUIERDA 1A,LA RIOJA,TITULARES,1,MARTIN  ANGEL,M,47,3,46-51
FRENTE DE IZQUIERDA Y DE TRABAJADORES - UNIDAD,UNIR Y FORTALECER LA IZQUIERDA 1A,LA RIOJA,TITULARES,2,ANAHI  GONZALEZ,F,42,2,40-46
FRENTE DE IZQUIERDA Y DE TRABAJADORES - UNIDAD,UNIR Y FORTALECER LA IZQUIERDA 1A,LA RIOJA,SUPLENTES,1,JOSE  QUIROGA GUERRA,M,49,3,46-51
FRENTE DE IZQUIERDA Y DE TRABAJADORES - UNIDAD,UNIR Y FORTALECER LA IZQUIERDA 1A,LA RIOJA,SUPLENTES,2,ROCIO REINOSO DRYON,F,32,0,30-35
JUNTOS POR EL CAMBIO,EL CAMBIO DE NUESTRAS VIDAS A,LA RIOJA,TITULARES,1,JULIO CESAR MARTINEZ,M,61,5,56-61
JUNTOS POR EL CAMBIO,EL CAMBIO DE NUESTRAS VIDAS A,LA RIOJA,TITULARES,2,OLGA I BRIZUELA Y DORIA DE CARA,F,52,4,51-56
JUNTOS POR EL CAMBIO,EL CAMBIO DE NUESTRAS VIDAS A,LA RIOJA,SUPLENTES,1,GUSTAVO ANTONIO CATIVA,M,56,4,51-56
JUNTOS POR EL CAMBIO,EL CAMBIO DE NUESTRAS VIDAS A,LA RIOJA,SUPLENTES,2,CRISTINA ADRIANA SALZWEDEL,F,53,4,51-56
JUNTOS POR EL CAMBIO,LA FUERZA DEL CAMBIO B,LA RIOJA,TITULARES,1,GUILLERMO FEDERICO GALVAN,M,56,4,51-56
JUNTOS POR EL CAMBIO,LA FUERZA DEL CAMBIO B,LA RIOJA,TITULARES,2,ANGELICA ELEUTERIA IRIS OYOLA,F,61,5,56-61
JUNTOS POR EL CAMBIO,LA FUERZA DEL CAMBIO B,LA RIOJA,SUPLENTES,1,DANIEL ALEJANDRO MOLINA BRAIM,M,48,3,46-51
JUNTOS POR EL CAMBIO,LA FUERZA DEL CAMBIO B,LA RIOJA,SUPLENTES,2,MARIA RITA DE LOS ANGELES RIVERO,F,62,6,61-66
LA LIBERTAD AVANZA,LA LIBERTAD AVANZA,LA RIOJA,TITULARES,1,JUAN CARLOS PAGOTTO,M,71,7,66-72
LA LIBERTAD AVANZA,LA LIBERTAD AVANZA,LA RIOJA,TITULARES,2,CLAUDIA CECILIA LOPEZ,F,66,6,61-66
LA LIBERTAD AVANZA,LA LIBERTAD AVANZA,LA RIOJA,SUPLENTES,1,ALEJANDRO MARTIN RODRIGO CRUZ ANTUNEZ,M,51,4,51-56
LA LIBERTAD AVANZA,LA LIBERTAD AVANZA,LA RIOJA,SUPLENTES,2,SUSANA DEL CARMEN RIZZO,F,45,2,40-46
PROYECTO JOVEN,DEMOS LIBERTAD,LA RIOJA,TITULARES,1,MATIAS MAXIMILIANO RUBIA,M,35,0,30-35
PROYECTO JOVEN,DEMOS LIBERTAD,LA RIOJA,TITULARES,2,PAOLA VALERIA ALLENDE,F,49,3,46-51
PROYECTO JOVEN,DEMOS LIBERTAD,LA RIOJA,SUPLENTES,1,PLACIDO RUBEN RODRIGUEZ,M,49,3,46-51
PROYECTO JOVEN,DEMOS LIBERTAD,LA RIOJA,SUPLENTES,2,ELBA GLADYS VEGA,F,47,3,46-51
PROYECTO JOVEN,VIVA LA LIBERTAD,LA RIOJA,TITULARES,1,EVANGELINA SOLEDAD SCOZZIERO,F,47,3,46-51
PROYECTO JOVEN,VIVA LA LIBERTAD,LA RIOJA,TITULARES,2,JORGE LUIS FARIAS,M,53,4,51-56
PROYECTO JOVEN,VIVA LA LIBERTAD,LA RIOJA,SUPLENTES,1,SILVIA DEL VALLE ALIVES,F,60,5,56-61
PROYECTO JOVEN,VIVA LA LIBERTAD,LA RIOJA,SUPLENTES,2,JUAN EXEQUIEL MOLINA,M,33,0,30-35
UNION DEL CENTRO DEMOCRATICO- UCEDE,FUERZA LIBERAL,LA RIOJA,TITULARES,1,CRISTIAN OSCAR CORZO,M,50,3,46-51
UNION DEL CENTRO DEMOCRATICO- UCEDE,FUERZA LIBERAL,LA RIOJA,TITULARES,2,CLAUDIA LORENA BRITOS ARIAS,F,49,3,46-51
UNION DEL CENTRO DEMOCRATICO- UCEDE,FUERZA LIBERAL,LA RIOJA,SUPLENTES,1,EDGARDO ENRIQUE ESCOBAR,M,61,5,56-61
UNION DEL CENTRO DEMOCRATICO- UCEDE,FUERZA LIBERAL,LA RIOJA,SUPLENTES,2,DANIELA SOLEDAD JEREZ,F,30,0,30-35
UNION POR LA PATRIA,CELESTE Y BLANCA,LA RIOJA,TITULARES,1,MARIA FLORENCIA LOPEZ,F,44,2,40-46
UNION POR LA PATRIA,CELESTE Y BLANCA,LA RIOJA,TITULARES,2,JESUS FERNANDO REJAL,M,60,5,56-61
UNION POR LA PATRIA,CELESTE Y BLANCA,LA RIOJA,SUPLENTES,1,MARIA LUZ SANTANGELO CARRIZO,F,41,2,40-46
UNION POR LA PATRIA,CELESTE Y BLANCA,LA RIOJA,SUPLENTES,2,RICARDO ANTONIO GUERRA,M,64,6,61-66
FRENTE RENOVADOR DE LA CONCORDIA-INNOVACION FEDERAL MNES,"ROJA, AZUL Y BLANCA",MISIONES,TITULARES,1,ARCE CARLOS OMAR,M,64,6,61-66
FRENTE RENOVADOR DE LA CONCORDIA-INNOVACION FEDERAL MNES,"ROJA, AZUL Y BLANCA",MISIONES,TITULARES,2,ROJAS DECUT SONIA ELIZABETH,F,50,3,46-51
FRENTE RENOVADOR DE LA CONCORDIA-INNOVACION FEDERAL MNES,"ROJA, AZUL Y BLANCA",MISIONES,SUPLENTES,1,ASTROZA AEDO MILTON MAYCO,M,38,1,35-40
FRENTE RENOVADOR DE LA CONCORDIA-INNOVACION FEDERAL MNES,"ROJA, AZUL Y BLANCA",MISIONES,SUPLENTES,2,LOPEZ DANIELA CRISTINA,F,50,3,46-51
FUERZA LIBERAL MNES,LIBERTAD VIVA,MISIONES,TITULARES,1,JABORNICKY H. ALEJANDRO,M,50,3,46-51
FUERZA LIBERAL MNES,LIBERTAD VIVA,MISIONES,TITULARES,2,DE MOURA GRACIELA,F,42,2,40-46
FUERZA LIBERAL MNES,LIBERTAD VIVA,MISIONES,SUPLENTES,1,BREA NICOLAS,M,47,3,46-51
FUERZA LIBERAL MNES,LIBERTAD VIVA,MISIONES,SUPLENTES,2,SEWCZUK YESSICA E.,F,30,0,30-35
JUNTOS POR EL CAMBIO MNES,EL CAMBIO DE NUESTRAS VIDAS,MISIONES,TITULARES,1,"A. F. """"PEPE"""" PIANESI",M,40,1,35-40
JUNTOS POR EL CAMBIO MNES,EL CAMBIO DE NUESTRAS VIDAS,MISIONES,TITULARES,2,PAMELA E. ENCINA,F,41,2,40-46
JUNTOS POR EL CAMBIO MNES,EL CAMBIO DE NUESTRAS VIDAS,MISIONES,SUPLENTES,1,GONZALO M. ACUÑA,M,36,1,35-40
JUNTOS POR EL CAMBIO MNES,EL CAMBIO DE NUESTRAS VIDAS,MISIONES,SUPLENTES,2,MARA I. FRONTINI,F,65,6,61-66
JUNTOS POR EL CAMBIO MNES,LA FUERZA DEL CAMBIO,MISIONES,TITULARES,1,E. MARTIN GOERLING LARA,M,51,4,51-56
JUNTOS POR EL CAMBIO MNES,LA FUERZA DEL CAMBIO,MISIONES,TITULARES,2,CAROLINA S. GROSS,F,32,0,30-35
JUNTOS POR EL CAMBIO MNES,LA FUERZA DEL CAMBIO,MISIONES,SUPLENTES,1,ERNESTO HORACIO SPALLANZANI,M,69,7,66-72
JUNTOS POR EL CAMBIO MNES,LA FUERZA DEL CAMBIO,MISIONES,SUPLENTES,2,ROXANA PAOLA VELAZQUEZ LARRABURU,F,47,3,46-51
PARTIDO AGRARIO Y SOCIAL MNES,POR LA GENTE  LETRA P,MISIONES,TITULARES,1,"""""SEBA"""" R. S. TIOZZO",M,38,1,35-40
PARTIDO AGRARIO Y SOCIAL MNES,POR LA GENTE  LETRA P,MISIONES,TITULARES,2,ELVANI ELISA GORING,F,50,3,46-51
PARTIDO AGRARIO Y SOCIAL MNES,POR LA GENTE  LETRA P,MISIONES,SUPLENTES,1,LUIS ANGEL BENITEZ,M,45,2,40-46
PARTIDO AGRARIO Y SOCIAL MNES,POR LA GENTE  LETRA P,MISIONES,SUPLENTES,2,RAQUEL MASONEVEZ,F,55,4,51-56
PARTIDO DEL OBRERO,UNIDAD DE TRABAJADORES Y LA IZQUIERDA,MISIONES,TITULARES,1,L. VIRGINIA VILLANUEVA,F,65,6,61-66
PARTIDO DEL OBRERO,UNIDAD DE TRABAJADORES Y LA IZQUIERDA,MISIONES,TITULARES,2,"LADISLAO """"RULO"""" DE LIMA",M,43,2,40-46
PARTIDO DEL OBRERO,UNIDAD DE TRABAJADORES Y LA IZQUIERDA,MISIONES,SUPLENTES,1,M. KARINA ALIENDRE,F,51,4,51-56
PARTIDO DEL OBRERO,UNIDAD DE TRABAJADORES Y LA IZQUIERDA,MISIONES,SUPLENTES,2,JUANCA J.C LOVERA,M,53,4,51-56
UNION POPULAR FEDERAL MNES,HACEMOS UNIDOS,MISIONES,TITULARES,1,SABINA A. VETTER,F,49,3,46-51
UNION POPULAR FEDERAL MNES,HACEMOS UNIDOS,MISIONES,TITULARES,2,FERNANDO A. KOWALCZYK,M,41,2,40-46
UNION POPULAR FEDERAL MNES,HACEMOS UNIDOS,MISIONES,SUPLENTES,1,CYNTIA A. GONZALEZ CASPARY,F,31,0,30-35
UNION POPULAR FEDERAL MNES,HACEMOS UNIDOS,MISIONES,SUPLENTES,2,FERNANDO D. KRUSE,M,42,2,40-46
ALIANZA JUNTOS POR EL CAMBIO,CAMBIA SAN JUAN,SAN JUAN,TITULARES,1,EMILIO ALBERTO ACHEM,M,53,4,51-56
ALIANZA JUNTOS POR EL CAMBIO,CAMBIA SAN JUAN,SAN JUAN,TITULARES,2,MARCELA LUCIA MONTAÑA,F,49,3,46-51
ALIANZA JUNTOS POR EL CAMBIO,CAMBIA SAN JUAN,SAN JUAN,SUPLENTES,1,DIEGO ALEJANDRO GAZZE BUENO,M,43,2,40-46
ALIANZA JUNTOS POR EL CAMBIO,CAMBIA SAN JUAN,SAN JUAN,SUPLENTES,2,FANNY ESTER JUAREZ,F,46,3,46-51
ALIANZA JUNTOS POR EL CAMBIO,LA FUERZA DEL CAMBIO,SAN JUAN,TITULARES,1,JUAN DOMINGO BRAVO FALCIONI,M,62,6,61-66
ALIANZA JUNTOS POR EL CAMBIO,LA FUERZA DEL CAMBIO,SAN JUAN,TITULARES,2,NYDIA MARIA LUISA VELASCO,F,61,5,56-61
ALIANZA JUNTOS POR EL CAMBIO,LA FUERZA DEL CAMBIO,SAN JUAN,SUPLENTES,1,CESAR AUGUSTO PORTO MARADONA,M,52,4,51-56
ALIANZA JUNTOS POR EL CAMBIO,LA FUERZA DEL CAMBIO,SAN JUAN,SUPLENTES,2,SUSANA DEL VALLE CELANI,F,57,5,56-61
FRENTE DE IZQUIERDA Y DE TRABAJADORES - UNIDAD,1A UNIR Y FORTALECER LA IZQUIERDA,SAN JUAN,TITULARES,1,FRANCO MIGUEL LATEGANO,M,36,1,35-40
FRENTE DE IZQUIERDA Y DE TRABAJADORES - UNIDAD,1A UNIR Y FORTALECER LA IZQUIERDA,SAN JUAN,TITULARES,2,MELINA VICTORIA BARBIERI CIMINO,F,41,2,40-46
FRENTE DE IZQUIERDA Y DE TRABAJADORES - UNIDAD,1A UNIR Y FORTALECER LA IZQUIERDA,SAN JUAN,SUPLENTES,1,RODOLFO JESUS CABALLERO,M,33,0,30-35
FRENTE DE IZQUIERDA Y DE TRABAJADORES - UNIDAD,1A UNIR Y FORTALECER LA IZQUIERDA,SAN JUAN,SUPLENTES,2,MARIA VIVIANA MATOS,F,40,1,35-40
FRENTE DE IZQUIERDA Y DE TRABAJADORES - UNIDAD,B UNIDAD DE LUCHADORES Y LA IZQUIERDA,SAN JUAN,TITULARES,1,VIRGINIA SILVIA SUTHERLAND,F,59,5,56-61
FRENTE DE IZQUIERDA Y DE TRABAJADORES - UNIDAD,B UNIDAD DE LUCHADORES Y LA IZQUIERDA,SAN JUAN,TITULARES,2,JESUS ADAN MAURO FLORES,M,36,1,35-40
FRENTE DE IZQUIERDA Y DE TRABAJADORES - UNIDAD,B UNIDAD DE LUCHADORES Y LA IZQUIERDA,SAN JUAN,SUPLENTES,1,LAURA ANDREA FERNANDEZ JALIFE,F,46,3,46-51
FRENTE DE IZQUIERDA Y DE TRABAJADORES - UNIDAD,B UNIDAD DE LUCHADORES Y LA IZQUIERDA,SAN JUAN,SUPLENTES,2,FRANCISCO JAVIER ARROYO BRISUELA,M,35,0,30-35
FRENTE UNIÓN POR LA PATRIA - SAN JUAN,SAN JUAN VUELVE,SAN JUAN,TITULARES,1,JUAN CARLOS GIOJA,M,65,6,61-66
FRENTE UNIÓN POR LA PATRIA - SAN JUAN,SAN JUAN VUELVE,SAN JUAN,TITULARES,2,SANDRA DANIELA CASTRO,F,38,1,35-40
FRENTE UNIÓN POR LA PATRIA - SAN JUAN,SAN JUAN VUELVE,SAN JUAN,SUPLENTES,1,JUAN PABLO GOMEZ GOMEZ,M,31,0,30-35
FRENTE UNIÓN POR LA PATRIA - SAN JUAN,SAN JUAN VUELVE,SAN JUAN,SUPLENTES,2,GLADYS PATRICIA DIAZ MARQUEZ,F,53,4,51-56
FRENTE UNIÓN POR LA PATRIA - SAN JUAN,VAMOS SAN JUAN,SAN JUAN,TITULARES,1,SERGIO MAURICIO UÑAC,M,53,4,51-56
FRENTE UNIÓN POR LA PATRIA - SAN JUAN,VAMOS SAN JUAN,SAN JUAN,TITULARES,2,MARIA CELESTE GIMENEZ NAVARRO,F,36,1,35-40
FRENTE UNIÓN POR LA PATRIA - SAN JUAN,VAMOS SAN JUAN,SAN JUAN,SUPLENTES,1,HUGO OSCAR DIAZ,M,60,5,56-61
FRENTE UNIÓN POR LA PATRIA - SAN JUAN,VAMOS SAN JUAN,SAN JUAN,SUPLENTES,2,MARCELA GEMA MONTI,F,46,3,46-51
LA LIBERTAD AVANZA,IDEAS DE LA LIBERTAD,SAN JUAN,TITULARES,1,BRUNO ANTONIO OLIVERA LUCERO,M,36,1,35-40
LA LIBERTAD AVANZA,IDEAS DE LA LIBERTAD,SAN JUAN,TITULARES,2,MARIANA ANTONELA CORIA,F,36,1,35-40
LA LIBERTAD AVANZA,IDEAS DE LA LIBERTAD,SAN JUAN,SUPLENTES,1,ENRIQUE DANIEL MONTAÑO,M,47,3,46-51
LA LIBERTAD AVANZA,IDEAS DE LA LIBERTAD,SAN JUAN,SUPLENTES,2,NOELIA MARIEL HERRERA IBAZETA,F,34,0,30-35
PARTIDO CRUZADA RENOVADORA,BLANCA UNIDAD,SAN JUAN,TITULARES,1,JOSE LUIS ALVARADO NARVAEZ,M,64,6,61-66
PARTIDO CRUZADA RENOVADORA,BLANCA UNIDAD,SAN JUAN,TITULARES,2,ADRIANA DEL VALLE AGUIRRE,F,59,5,56-61
PARTIDO CRUZADA RENOVADORA,BLANCA UNIDAD,SAN JUAN,SUPLENTES,1,FELIX ANTONIO JARA,M,65,6,61-66
PARTIDO CRUZADA RENOVADORA,BLANCA UNIDAD,SAN JUAN,SUPLENTES,2,MARIELA CRISTINA GARAY ORTIZ,F,51,4,51-56
PARTIDO MOVIMIENTO LIBRES DEL SUR - SIGLA L.D.S.,AZUL Y ROJO,SAN JUAN,TITULARES,1,JORGE DANIEL OCHOA RODRIGUEZ,M,46,3,46-51
PARTIDO MOVIMIENTO LIBRES DEL SUR - SIGLA L.D.S.,AZUL Y ROJO,SAN JUAN,TITULARES,2,SHIRLEY ROMINA PONCE MORTE,F,34,0,30-35
PARTIDO MOVIMIENTO LIBRES DEL SUR - SIGLA L.D.S.,AZUL Y ROJO,SAN JUAN,SUPLENTES,1,ROLANDO DIEGO RIVEROS,M,49,3,46-51
PARTIDO MOVIMIENTO LIBRES DEL SUR - SIGLA L.D.S.,AZUL Y ROJO,SAN JUAN,SUPLENTES,2,ISABEL GLADYS ELIZONDO,F,57,5,56-61
PARTIDO POPULAR,PRINCIPIO Y VALORES,SAN JUAN,TITULARES,1,ROBERTO EDUARDO NUÑEZ,M,51,4,51-56
PARTIDO POPULAR,PRINCIPIO Y VALORES,SAN JUAN,TITULARES,2,MARIA DE LOS ANGELES AVILA,F,42,2,40-46
PARTIDO POPULAR,PRINCIPIO Y VALORES,SAN JUAN,SUPLENTES,1,JUAN MANUEL AGÜERO,M,40,1,35-40
PARTIDO POPULAR,PRINCIPIO Y VALORES,SAN JUAN,SUPLENTES,2,MARIA ELIZABETH MOLINA,F,41,2,40-46
PARTIDO SOCIALISTA,HACEMOS UNIDOS POR SAN JUAN,SAN JUAN,TITULARES,1,LISANDRO NAHUEL CARDENAS BALMACEDA,M,34,0,30-35
PARTIDO SOCIALISTA,HACEMOS UNIDOS POR SAN JUAN,SAN JUAN,TITULARES,2,NELIDA DEL CARMEN PARRA,F,82,9,77-82
PARTIDO SOCIALISTA,HACEMOS UNIDOS POR SAN JUAN,SAN JUAN,SUPLENTES,1,LEONARDO RAUL DRAZIC,M,58,5,56-61
PARTIDO SOCIALISTA,HACEMOS UNIDOS POR SAN JUAN,SAN JUAN,SUPLENTES,2,VALERIA DEL VALLE QUINTANA,F,54,4,51-56
ALIANZA FRENTE DE IZQUIERDA Y DE TRABAJADORES UNIDAD  SAN LUIS,1B UNIDAD DE LUCHADORES Y LA IZQUIERDA,SAN LUIS,TITULARES,1,IVAN AMADO,M,37,1,35-40
ALIANZA FRENTE DE IZQUIERDA Y DE TRABAJADORES UNIDAD  SAN LUIS,1B UNIDAD DE LUCHADORES Y LA IZQUIERDA,SAN LUIS,TITULARES,2,SUSANA AMIEVA,F,63,6,61-66
ALIANZA FRENTE DE IZQUIERDA Y DE TRABAJADORES UNIDAD  SAN LUIS,1B UNIDAD DE LUCHADORES Y LA IZQUIERDA,SAN LUIS,SUPLENTES,1,JOSE LUIS SOLOA,M,48,3,46-51
ALIANZA FRENTE DE IZQUIERDA Y DE TRABAJADORES UNIDAD  SAN LUIS,1B UNIDAD DE LUCHADORES Y LA IZQUIERDA,SAN LUIS,SUPLENTES,2,MARCELA DAGFAL,F,60,5,56-61
ALIANZA FRENTE DE IZQUIERDA Y DE TRABAJADORES UNIDAD  SAN LUIS,UNIR Y FORTALECER LA IZQUIERDA (1A),SAN LUIS,TITULARES,1,JOHANA GOMEZ,F,35,0,30-35
ALIANZA FRENTE DE IZQUIERDA Y DE TRABAJADORES UNIDAD  SAN LUIS,UNIR Y FORTALECER LA IZQUIERDA (1A),SAN LUIS,TITULARES,2,NAHUEL ARIAS,M,33,0,30-35
ALIANZA FRENTE DE IZQUIERDA Y DE TRABAJADORES UNIDAD  SAN LUIS,UNIR Y FORTALECER LA IZQUIERDA (1A),SAN LUIS,SUPLENTES,1,SANDRA PONZIO,F,58,5,56-61
ALIANZA FRENTE DE IZQUIERDA Y DE TRABAJADORES UNIDAD  SAN LUIS,UNIR Y FORTALECER LA IZQUIERDA (1A),SAN LUIS,SUPLENTES,2,LUIS LOYOLA,M,42,2,40-46
ALIANZA LA LIBERTAD AVANZA SAN LUIS,DOGMA LIBERTARIO,SAN LUIS,TITULARES,1,BARTOLOME ESTEBAN ABDALA,M,59,5,56-61
ALIANZA LA LIBERTAD AVANZA SAN LUIS,DOGMA LIBERTARIO,SAN LUIS,TITULARES,2,IVANNA MARCELA ARRASCAETA,F,43,2,40-46
ALIANZA LA LIBERTAD AVANZA SAN LUIS,DOGMA LIBERTARIO,SAN LUIS,SUPLENTES,1,CARLOS OMAR VILA,M,60,5,56-61
ALIANZA LA LIBERTAD AVANZA SAN LUIS,DOGMA LIBERTARIO,SAN LUIS,SUPLENTES,2,GISELA ANABELLA GALINDEZ,F,48,3,46-51
JUNTOS POR EL CAMBIO  SAN LUIS,EL CAMBIO DE NUESTRAS VIDAS,SAN LUIS,TITULARES,1,GABRIELA GONZALEZ RIOLLO,F,38,1,35-40
JUNTOS POR EL CAMBIO  SAN LUIS,EL CAMBIO DE NUESTRAS VIDAS,SAN LUIS,TITULARES,2,FEDERICO ALBERTO TROMBOTTO,M,52,4,51-56
JUNTOS POR EL CAMBIO  SAN LUIS,EL CAMBIO DE NUESTRAS VIDAS,SAN LUIS,SUPLENTES,1,MARIA EUGENIA FERNANDEZ BERGESE,F,36,1,35-40
JUNTOS POR EL CAMBIO  SAN LUIS,EL CAMBIO DE NUESTRAS VIDAS,SAN LUIS,SUPLENTES,2,WALDO AMÉRICO PEREZ,M,58,5,56-61
JUNTOS POR EL CAMBIO  SAN LUIS,LA FUERZA DEL CAMBIO,SAN LUIS,TITULARES,1,JORGE ALBERTO LUCERO,M,55,4,51-56
JUNTOS POR EL CAMBIO  SAN LUIS,LA FUERZA DEL CAMBIO,SAN LUIS,TITULARES,2,SANDRA ELIZABETH BARROSO,F,56,4,51-56
JUNTOS POR EL CAMBIO  SAN LUIS,LA FUERZA DEL CAMBIO,SAN LUIS,SUPLENTES,1,DANIEL FEDERICO BERRO,M,33,0,30-35
JUNTOS POR EL CAMBIO  SAN LUIS,LA FUERZA DEL CAMBIO,SAN LUIS,SUPLENTES,2,NOELIA INES VERED,F,35,0,30-35
MOVIMIENTO AL SOCIALISMO SAN LUIS,IZQUIERDA ANTICAPITALISTA,SAN LUIS,TITULARES,1,JUAN MARIO MIGANI,M,67,7,66-72
MOVIMIENTO AL SOCIALISMO SAN LUIS,IZQUIERDA ANTICAPITALISTA,SAN LUIS,TITULARES,2,ANAHI JAZMIN GALLARDO LUNA,F,33,0,30-35
MOVIMIENTO AL SOCIALISMO SAN LUIS,IZQUIERDA ANTICAPITALISTA,SAN LUIS,SUPLENTES,1,FRANCO SANTIAGO BARBERO,M,36,1,35-40
MOVIMIENTO AL SOCIALISMO SAN LUIS,IZQUIERDA ANTICAPITALISTA,SAN LUIS,SUPLENTES,2,ANA CELIA VILLEGAS,F,58,5,56-61
MOVIMIENTO LIBRES DEL SUR SAN LUIS,AZUL Y ROJO,SAN LUIS,TITULARES,1,JOAQUIN EMILIO MANSILLA,M,43,2,40-46
MOVIMIENTO LIBRES DEL SUR SAN LUIS,AZUL Y ROJO,SAN LUIS,TITULARES,2,CECILIA ALEJANDRA RIQUELME,F,33,0,30-35
MOVIMIENTO LIBRES DEL SUR SAN LUIS,AZUL Y ROJO,SAN LUIS,SUPLENTES,1,DAMIAN AUGUSTO FLORES,M,32,0,30-35
MOVIMIENTO LIBRES DEL SUR SAN LUIS,AZUL Y ROJO,SAN LUIS,SUPLENTES,2,CLAUDIA GABRIELA RODRIGUEZ,F,47,3,46-51
PARTIDO DEMOCRATA SAN LUIS,DEMOCRATAS POR LA LIBERTAD,SAN LUIS,TITULARES,1,ALICIA ROMER,F,73,8,72-77
PARTIDO DEMOCRATA SAN LUIS,DEMOCRATAS POR LA LIBERTAD,SAN LUIS,TITULARES,2,MAURICIO ANDRES PESTCHANKER,M,39,1,35-40
PARTIDO DEMOCRATA SAN LUIS,DEMOCRATAS POR LA LIBERTAD,SAN LUIS,SUPLENTES,1,CLAUDIA NOGUEIRA,F,48,3,46-51
PARTIDO DEMOCRATA SAN LUIS,DEMOCRATAS POR LA LIBERTAD,SAN LUIS,SUPLENTES,2,PABLO BIANCHI,M,70,7,66-72
PARTIDO UNION Y LIBERTAD SAN LUIS,L1,SAN LUIS,TITULARES,1,EDUARDO JORGE GOMINA,M,61,5,56-61
PARTIDO UNION Y LIBERTAD SAN LUIS,L1,SAN LUIS,TITULARES,2,PAMELA PAOLA PARDO,F,33,0,30-35
PARTIDO UNION Y LIBERTAD SAN LUIS,L1,SAN LUIS,SUPLENTES,1,DIEGO SEBASTIAN BARRERA,M,45,2,40-46
PARTIDO UNION Y LIBERTAD SAN LUIS,L1,SAN LUIS,SUPLENTES,2,MARIA ELIA LEYES,F,46,3,46-51
UNION POR SAN LUIS,CELESTE UNIDAD,SAN LUIS,TITULARES,1,FERNANDO ALDO SALINO,M,63,6,61-66
UNION POR SAN LUIS,CELESTE UNIDAD,SAN LUIS,TITULARES,2,CINTIA MARINA RAMIREZ,F,35,0,30-35
UNION POR SAN LUIS,CELESTE UNIDAD,SAN LUIS,SUPLENTES,1,FERNANDO EDUARDO LARROUDE,M,53,4,51-56
UNION POR SAN LUIS,CELESTE UNIDAD,SAN LUIS,SUPLENTES,2,JOSEFINA DEL VALLE ALDANA,F,71,7,66-72
AGRUPACION MOVIMIENTO AL SOCIALISMO,IZQUIERDA ANTICAPITALISTA,SANTA CRUZ,TITULARES,1,FELIPE ANDRES CERVINE,M,77,9,77-82
AGRUPACION MOVIMIENTO AL SOCIALISMO,IZQUIERDA ANTICAPITALISTA,SANTA CRUZ,TITULARES,2,ROSA CLARA IRUSTA,F,66,6,61-66
AGRUPACION MOVIMIENTO AL SOCIALISMO,IZQUIERDA ANTICAPITALISTA,SANTA CRUZ,SUPLENTES,1,LEONARDO NICOLAS MORALES,M,39,1,35-40
AGRUPACION MOVIMIENTO AL SOCIALISMO,IZQUIERDA ANTICAPITALISTA,SANTA CRUZ,SUPLENTES,2,CYNTHIA PAMELA MUÑOZ,F,37,1,35-40
ALIANZA CAMBIA SANTA CRUZ,EL CAMBIO DE NUESTRAS VIDAS,SANTA CRUZ,TITULARES,1,EDUARDO COSTA,M,62,6,61-66
ALIANZA CAMBIA SANTA CRUZ,EL CAMBIO DE NUESTRAS VIDAS,SANTA CRUZ,TITULARES,2,ANDREA GALLEGOS,F,36,1,35-40
ALIANZA CAMBIA SANTA CRUZ,EL CAMBIO DE NUESTRAS VIDAS,SANTA CRUZ,SUPLENTES,1,CESAR GUATTI,M,63,6,61-66
ALIANZA CAMBIA SANTA CRUZ,EL CAMBIO DE NUESTRAS VIDAS,SANTA CRUZ,SUPLENTES,2,SUSANA TOLEDO,F,52,4,51-56
ALIANZA CAMBIA SANTA CRUZ,SUMAMOS FUERZAS EN SANTA CRUZ,SANTA CRUZ,TITULARES,1,MARIA BELEN TAPIA,F,50,3,46-51
ALIANZA CAMBIA SANTA CRUZ,SUMAMOS FUERZAS EN SANTA CRUZ,SANTA CRUZ,TITULARES,2,CARLOS JORGE ZIEHLKE,M,65,6,61-66
ALIANZA CAMBIA SANTA CRUZ,SUMAMOS FUERZAS EN SANTA CRUZ,SANTA CRUZ,SUPLENTES,1,LUZ MARISOL MALDONADO,F,45,2,40-46
ALIANZA CAMBIA SANTA CRUZ,SUMAMOS FUERZAS EN SANTA CRUZ,SANTA CRUZ,SUPLENTES,2,PEDRO DE CARLI,M,57,5,56-61
ALIANZA FRENTE DE IZQUIERDA Y DE LOS TRABAJADORES-UNIDAD,1A UNIDAD DE LUCHADORES Y LA IZQUIERDA,SANTA CRUZ,TITULARES,1,MIGUEL DEL PLA,M,71,7,66-72
ALIANZA FRENTE DE IZQUIERDA Y DE LOS TRABAJADORES-UNIDAD,1A UNIDAD DE LUCHADORES Y LA IZQUIERDA,SANTA CRUZ,TITULARES,2,YESICA PAOLA AGUILAR,F,35,0,30-35
ALIANZA FRENTE DE IZQUIERDA Y DE LOS TRABAJADORES-UNIDAD,1A UNIDAD DE LUCHADORES Y LA IZQUIERDA,SANTA CRUZ,SUPLENTES,1,PABLO JAVIER GARCIA,M,37,1,35-40
ALIANZA FRENTE DE IZQUIERDA Y DE LOS TRABAJADORES-UNIDAD,1A UNIDAD DE LUCHADORES Y LA IZQUIERDA,SANTA CRUZ,SUPLENTES,2,ANALIA ROMINA VARGAS,F,38,1,35-40
ALIANZA FRENTE DE IZQUIERDA Y DE LOS TRABAJADORES-UNIDAD,1A UNIR Y FORTALECER LA IZQUIERDA,SANTA CRUZ,TITULARES,1,MARCELA DEL CARMEN CHAILE,F,49,3,46-51
ALIANZA FRENTE DE IZQUIERDA Y DE LOS TRABAJADORES-UNIDAD,1A UNIR Y FORTALECER LA IZQUIERDA,SANTA CRUZ,TITULARES,2,ERNESTO ANGEL VALDIVIEZO,M,46,3,46-51
ALIANZA FRENTE DE IZQUIERDA Y DE LOS TRABAJADORES-UNIDAD,1A UNIR Y FORTALECER LA IZQUIERDA,SANTA CRUZ,SUPLENTES,1,IRMA INES TEJERINA,F,51,4,51-56
ALIANZA FRENTE DE IZQUIERDA Y DE LOS TRABAJADORES-UNIDAD,1A UNIR Y FORTALECER LA IZQUIERDA,SANTA CRUZ,SUPLENTES,2,DANIEL OSVALDO GIMENEZ,M,49,3,46-51
ALIANZA POR SANTA CRUZ,HACER SANTA CRUZ,SANTA CRUZ,TITULARES,1,JOSE MARIA CARAMBIA,M,39,1,35-40
ALIANZA POR SANTA CRUZ,HACER SANTA CRUZ,SANTA CRUZ,TITULARES,2,NATALIA ELENA GADANO,F,41,2,40-46
ALIANZA POR SANTA CRUZ,HACER SANTA CRUZ,SANTA CRUZ,SUPLENTES,1,JAIME HORACIO ALVAREZ,M,54,4,51-56
ALIANZA POR SANTA CRUZ,HACER SANTA CRUZ,SANTA CRUZ,SUPLENTES,2,ETELVINA DEL CARMEN ROJAS,F,63,6,61-66
ALIANZA UNION POR LA PATRIA,ACUERDO SANTACRUCEÑO,SANTA CRUZ,TITULARES,1,ALICIA KIRCHNER,F,77,9,77-82
ALIANZA UNION POR LA PATRIA,ACUERDO SANTACRUCEÑO,SANTA CRUZ,TITULARES,2,PABLO GONZALEZ,M,55,4,51-56
ALIANZA UNION POR LA PATRIA,ACUERDO SANTACRUCEÑO,SANTA CRUZ,SUPLENTES,1,LORENA ELIANA BELTRAN,F,43,2,40-46
ALIANZA UNION POR LA PATRIA,ACUERDO SANTACRUCEÑO,SANTA CRUZ,SUPLENTES,2,SERGIO ROBERTO VIOTTI,M,54,4,51-56
