,Agrupación Política,Lista,Cargo,Posicion,Genero
0,BUENOS AIRES PRIMERO (BAP),LISTA UNICA,DIPUTADOS NACIONALES,1,Femenino
44,BUENOS AIRES PRIMERO (BAP),LISTA UNICA,SENADORES NACIONALES,1,Masculino
47,CONFIANZA PUBLICA,VALORES EN ACCION,DIPUTADOS NACIONALES,1,Masculino
85,CONFIANZA PUBLICA,VALORES EN ACCION,SENADORES NACIONALES,1,Femenino
89,CONSTRUYENDO PORVENIR,CONSTRUYENDO FUTURO,DIPUTADOS NACIONALES,1,Masculino
137,CONSTRUYENDO PORVENIR,CONSTRUYENDO FUTURO,SENADORES NACIONALES,1,Masculino
140,CORRIENTE DE PENSAMIENTO BONAERENSE,CORRIENTE DE PENSAMIENTO AUTENTICA,DIPUTADOS NACIONALES,1,Masculino
188,CORRIENTE DE PENSAMIENTO BONAERENSE,CORRIENTE DE PENSAMIENTO AUTENTICA,SENADORES NACIONALES,1,Femenino
192,FRENTE DE IZQUIERDA Y DE TRABAJADORES,A UNIR Y FORTALECER LA IZQUIERDA,DIPUTADOS NACIONALES,1,Masculino
236,FRENTE DE IZQUIERDA Y DE TRABAJADORES,A UNIR Y FORTALECER LA IZQUIERDA,SENADORES NACIONALES,1,Femenino
240,FRENTE DE IZQUIERDA Y DE TRABAJADORES,B UNIDAD DE LUCHADORES Y LA IZQUIERDA,DIPUTADOS NACIONALES,1,Masculino
284,FRENTE DE IZQUIERDA Y DE TRABAJADORES,B UNIDAD DE LUCHADORES Y LA IZQUIERDA,SENADORES NACIONALES,1,Femenino
288,FRENTE FEDERAL DE ACCION SOLIDARIA DE LA PROVINCIA DE BUENOS AIRES,ACCION Y SOLIDARIDAD,SENADORES NACIONALES,1,Femenino
295,FRENTE FEDERAL DE ACCION SOLIDARIA DE LA PROVINCIA DE BUENOS AIRES,SERVIR,SENADORES NACIONALES,1,Femenino
302,FRENTE FEDERAL DE ACCION SOLIDARIA DE LA PROVINCIA DE BUENOS AIRES,SOLIDARIOS,SENADORES NACIONALES,1,Femenino
306,FRENTE PATRIOTA FEDERAL,PRIMERO LA PATRIA,DIPUTADOS NACIONALES,1,Masculino
352,FRENTE PATRIOTA FEDERAL,PRIMERO LA PATRIA,SENADORES NACIONALES,1,Masculino
356,HACEMOS POR NUESTRO PAIS,HACEMOS,DIPUTADOS NACIONALES,1,Femenino
402,HACEMOS POR NUESTRO PAIS,HACEMOS,SENADORES NACIONALES,1,Femenino
406,JUNTOS POR EL CAMBIO,EL CAMBIO DE NUESTRAS VIDAS,DIPUTADOS NACIONALES,1,Masculino
454,JUNTOS POR EL CAMBIO,EL CAMBIO DE NUESTRAS VIDAS,SENADORES NACIONALES,1,Masculino
458,JUNTOS POR EL CAMBIO,LA FUERZA DEL CAMBIO,DIPUTADOS NACIONALES,1,Masculino
504,JUNTOS POR EL CAMBIO,LA FUERZA DEL CAMBIO,SENADORES NACIONALES,1,Masculino
508,JUSTICIA Y DIGNIDAD PATRIOTICA,P.A.S.E,DIPUTADOS NACIONALES,1,Masculino
556,JUSTICIA Y DIGNIDAD PATRIOTICA,P.A.S.E,SENADORES NACIONALES,1,Masculino
560,LA LIBERTAD AVANZA,LIBERTAD POR SIEMPRE,DIPUTADOS NACIONALES,1,Masculino
608,LA LIBERTAD AVANZA,LIBERTAD POR SIEMPRE,SENADORES NACIONALES,1,Masculino
612,MOVIMIENTO AVANZADA SOCIALISTA,IZQUIERDA ANTICAPITALISTA,DIPUTADOS NACIONALES,1,Masculino
639,MOVIMIENTO AVANZADA SOCIALISTA,IZQUIERDA ANTICAPITALISTA,SENADORES NACIONALES,1,Masculino
641,MOVIMIENTO IZQUIERDA JUVENTUD DIGNIDAD,CONFEDERAL,DIPUTADOS NACIONALES,1,Femenino
686,MOVIMIENTO IZQUIERDA JUVENTUD DIGNIDAD,CONFEDERAL,SENADORES NACIONALES,1,Masculino
689,MOVIMIENTO IZQUIERDA JUVENTUD DIGNIDAD,LINEA A DIGNIDAD,DIPUTADOS NACIONALES,1,Masculino
737,MOVIMIENTO IZQUIERDA JUVENTUD DIGNIDAD,LINEA A DIGNIDAD,SENADORES NACIONALES,1,Femenino
741,MOVIMIENTO LIBRES DEL SUR,LISTA AZUL Y ROJO,DIPUTADOS NACIONALES,1,Masculino
789,MOVIMIENTO LIBRES DEL SUR,LISTA AZUL Y ROJO,SENADORES NACIONALES,1,Masculino
793,NUEVA UNION CELESTE,CELESTE,DIPUTADOS NACIONALES,1,Masculino
841,NUEVA UNION CELESTE,CELESTE,SENADORES NACIONALES,1,Masculino
845,PARTIDO LABORISTA,FRENTE LABORISTA,DIPUTADOS NACIONALES,1,Femenino
893,PARTIDO LABORISTA,FRENTE LABORISTA,SENADORES NACIONALES,1,Femenino
897,PARTIDO LABORISTA,LA CLASE OBRERA,DIPUTADOS NACIONALES,1,Femenino
945,PARTIDO LABORISTA,LA CLASE OBRERA,SENADORES NACIONALES,1,Femenino
952,PARTIDO LABORISTA,REFUNDACION,SENADORES NACIONALES,1,Femenino
959,PARTIDO LABORISTA,VOLVER A LAS FUENTES,SENADORES NACIONALES,1,Masculino
963,PARTIDO LIBERTARIO,LIBERTARIOS,DIPUTADOS NACIONALES,1,Masculino
1011,PARTIDO LIBERTARIO,LIBERTARIOS,SENADORES NACIONALES,1,Femenino
1015,PARTIDO MOVIMIENTO ORGANIZACION DEMOCRATICA (MODE),UNIDAD,DIPUTADOS NACIONALES,1,Femenino
1044,PARTIDO MOVIMIENTO ORGANIZACION DEMOCRATICA (MODE),UNIDAD,SENADORES NACIONALES,1,Masculino
1049,PARTIDO PRINCIPIOS Y VALORES,FUERZA FEDERAL,SENADORES NACIONALES,1,Masculino
1053,PARTIDO PRINCIPIOS Y VALORES,TIERRA TECHO Y TRABAJO,DIPUTADOS NACIONALES,1,Masculino
1101,PARTIDO PRINCIPIOS Y VALORES,TIERRA TECHO Y TRABAJO,SENADORES NACIONALES,1,Femenino
1105,PARTIDO UNIDAD SOCIAL (PUS),UNIDOS,DIPUTADOS NACIONALES,1,Masculino
1146,PARTIDO UNIDAD SOCIAL (PUS),UNIDOS,SENADORES NACIONALES,1,Masculino
1156,PARTIDO VOCACION SOCIAL,VALORES Y SOLIDARIDAD,SENADORES NACIONALES,1,Masculino
1160,POLITICA ABIERTA PARA LA INTEGRIDAD SOCIAL,AZUL UNICA,DIPUTADOS NACIONALES,1,Masculino
1198,POLITICA ABIERTA PARA LA INTEGRIDAD SOCIAL,AZUL UNICA,SENADORES NACIONALES,1,Masculino
1201,POLITICA OBRERA,UNIDAD OBRERA,DIPUTADOS NACIONALES,1,Femenino
1216,POLITICA OBRERA,UNIDAD OBRERA,SENADORES NACIONALES,1,Masculino
1217,PROYECTO JOVEN,COALICION PAZ DEMOCRACIA SOBERANIA,DIPUTADOS NACIONALES,1,Femenino
1263,PROYECTO JOVEN,COALICION PAZ DEMOCRACIA SOBERANIA,SENADORES NACIONALES,1,Masculino
1267,PROYECTO JOVEN,FRENTE JOVEN,DIPUTADOS NACIONALES,1,Femenino
1305,PROYECTO JOVEN,FRENTE JOVEN,SENADORES NACIONALES,1,Masculino
1309,PROYECTO JOVEN,PATRIA UNIDA,DIPUTADOS NACIONALES,1,Masculino
1341,PROYECTO JOVEN,PATRIA UNIDA,SENADORES NACIONALES,1,Masculino
1345,TODOS POR BUENOS AIRES,TODOS POR LA PROVINCIA,DIPUTADOS NACIONALES,1,Masculino
1383,TODOS POR BUENOS AIRES,,SENADORES NACIONALES,1,Femenino
1387,UNION POR LA PATRIA,CELESTE Y BLANCA NúMERO LISTA 2,DIPUTADOS NACIONALES,1,Masculino
1435,UNION POR LA PATRIA,CELESTE Y BLANCA NÚMERO LISTA 2,SENADORES NACIONALES,1,Masculino
1439,AUTENTICO LIBERALES CATAMARCA,LIBERAR Y POPULAR,DIPUTADOS NACIONALES,1,Masculino
1446,AUTENTICO LIBERALES CATAMARCA,LIBERTARIOS,DIPUTADOS NACIONALES,1,Masculino
1453,FRENTE DE IZQUIERDA  Y DE TRABAJADORES - UNIDAD,1A UNIDAD DE LUCHADORES Y LA IZQUIERDA,DIPUTADOS NACIONALES,1,Femenino
1460,FRENTE PATRIOTA FEDERAL,PRIMERO LA PATRIA,DIPUTADOS NACIONALES,1,Masculino
1467,JUNTOS POR EL CAMBIO,EL CAMBIO DE NUESTRAS VIDAS,DIPUTADOS NACIONALES,1,Masculino
1474,JUNTOS POR EL CAMBIO,GANA CATAMARCA,DIPUTADOS NACIONALES,1,Masculino
1481,LA LIBERTAD AVANZA,UNION  EN DESARROLLO Y LIBERTAD,DIPUTADOS NACIONALES,1,Masculino
1488,MOVIMIENTO IZQUIERDA JUVENTUD DIGNIDAD,LISTA A DIGNIDAD,DIPUTADOS NACIONALES,1,Femenino
1495,MOVIMIENTOLIBRESDELSUR,AZUL Y ROJO,DIPUTADOS NACIONALES,1,Femenino
1502,NUEVO ESPACIO DE OPINION,HACEMOS UNIDOS POR CATAMARCA   NEO,DIPUTADOS NACIONALES,1,Femenino
1509,UNION POR LA PATRIA,CELESTE Y BLANCA,DIPUTADOS NACIONALES,1,Masculino
1516,FRENTE INTEGRADOR,INTEGRACIÓN I,DIPUTADOS NACIONALES,1,Femenino
1522,JUNTOS POR EL CAMBIO,CHACO CAMBIA,DIPUTADOS NACIONALES,1,Masculino
1531,LA LIBERTAD AVANZA,A,DIPUTADOS NACIONALES,1,Masculino
1540,MOVIMIENTO IZQUIERDA JUVENTUD DIGNIDAD,90,DIPUTADOS NACIONALES,1,Masculino
1549,MOVIMIENTO LIBRES DEL SUR,AZUL Y ROJO,DIPUTADOS NACIONALES,1,Femenino
1558,PARTIDO DEL OBRERO,1A UNIDAD DE LUCHADORES Y LA IZQUIERDA,DIPUTADOS NACIONALES,1,Masculino
1567,PARTIDO DEMOCRATA,ENCUENTRO LIBERTARIO POR EL CHACO,DIPUTADOS NACIONALES,1,Femenino
1573,UNION POR LA PATRIA,17 DE OCTUBRE  LETRA J,DIPUTADOS NACIONALES,1,Masculino
1582,UNION POR LA PATRIA,LA MARIA EVA,DIPUTADOS NACIONALES,1,Masculino
1586,FRENTE DE IZQUIERDA Y DE TRABAJADORES - UNIDAD,A UNIDAD DE LUCHADORES Y LA IZQUIERDA,DIPUTADOS NACIONALES,1,Masculino
1595,GEN CHUBUT,EL AGUA VALE + QUE EL ORO,DIPUTADOS NACIONALES,1,Masculino
1604,JUNTOS POR EL CAMBIO CHUBUT,A DESPIERTA CHUBUT,DIPUTADOS NACIONALES,1,Masculino
1613,JUNTOS POR EL CAMBIO CHUBUT,C UN CAMINO REAL,DIPUTADOS NACIONALES,1,Masculino
1622,LA LIBERTAD AVANZA CHUBUT,A UN CHUBUT MEJOR ES POSIBLE,DIPUTADOS NACIONALES,1,Masculino
1631,UNIÓN POR LA PATRIA,B RECONSTRUIR CHUBUT,DIPUTADOS NACIONALES,1,Femenino
1640,UNIÓN POR LA PATRIA,CELESTE Y BLANCA LETRA A,DIPUTADOS NACIONALES,1,Masculino
1649,UNIÓN POR LA PATRIA,K UNION POR CHUBUT,DIPUTADOS NACIONALES,1,Masculino
1658,APTITUD RENOVADORA,A HACEMOS POR NUESTRA CIUDAD,DIPUTADOS NACIONALES,1,Masculino
1680,EL MOVIMIENTO,B DEMOS,DIPUTADOS NACIONALES,1,Femenino
1702,FRENTE DE IZQUIERDA Y DE TRABAJADORES - UNIDAD,A UNIR Y FORTALECER LA IZQUIERDA,DIPUTADOS NACIONALES,1,Masculino
1725,FRENTE DE IZQUIERDA Y DE TRABAJADORES - UNIDAD,B UNIDAD DE LUCHADORES Y LA IZQUIERDA,DIPUTADOS NACIONALES,1,Femenino
1748,FRENTE PATRIOTA FEDERAL,PRIMERO LA PATRIA,DIPUTADOS NACIONALES,1,Masculino
1771,JUNTOS POR EL CAMBIO,EL CAMBIO DE NUESTRAS VIDAS A,DIPUTADOS NACIONALES,1,Masculino
1794,JUNTOS POR EL CAMBIO,LA FUERZA DEL CAMBIO B,DIPUTADOS NACIONALES,1,Masculino
1817,LA IZQUIERDA EN LA CIUDAD,A IZQUIERDA ANTICAPITALISTA   A,DIPUTADOS NACIONALES,1,Masculino
1840,LA LIBERTAD AVANZA,LIBERTAD POR SIEMPRE,DIPUTADOS NACIONALES,1,Femenino
1861,MOVIMIENTO DE JUBILADOS Y JUVENTUD,A TOLERANCIA,DIPUTADOS NACIONALES,1,Masculino
1882,MOVIMIENTO LIBRES DEL SUR,LISTA A AZUL Y ROJO,DIPUTADOS NACIONALES,1,Femenino
1905,PARTIDO DEMOCRATA CRISTIANO,HACEMOS POR CABA,DIPUTADOS NACIONALES,1,Masculino
1928,POLíTICA OBRERA,A UNIDAD OBRERA,DIPUTADOS NACIONALES,1,Masculino
1947,PRINCIPIOS Y VALORES,A GOBERNAR ES CREAR TRABAJO,DIPUTADOS NACIONALES,1,Femenino
1969,REPUBLICANOS UNIDOS,A REPUBLICANOS,DIPUTADOS NACIONALES,1,Masculino
1992,UNION POR LA PATRIA,A ALTERNATIVA PARA GANAR BUENOS AIRES,DIPUTADOS NACIONALES,1,Femenino
2018,ESTAMOS,LA INMENSA MINORìA,DIPUTADOS NACIONALES,1,Masculino
2033,FRENTE DE IZQUIERDA Y DE LOS TRABAJADORES-UNIDAD,UNIDAD DE LUCHADORES Y LA IZQUIERDA B,DIPUTADOS NACIONALES,1,Femenino
2051,FRENTE DE IZQUIERDA Y DE LOS TRABAJADORES-UNIDAD,UNIR Y FORTALECER LA IZQUIERDA A,DIPUTADOS NACIONALES,1,Femenino
2069,FRENTE FEDERAL DE ACCION SOLIDARIA,FRENTE FEDERAL CORDOBA,DIPUTADOS NACIONALES,1,Masculino
2087,HACEMOS POR NUESTRO PAIS,HACEMOS UNIDOS POR CORDOBA   A,DIPUTADOS NACIONALES,1,Masculino
2105,HUMANISTA,A CORDOBA HUMANISTA,DIPUTADOS NACIONALES,1,Masculino
2123,JUNTOS POR EL CAMBIO,EL CAMBIO DE NUESTRAS VIDAS A,DIPUTADOS NACIONALES,1,Masculino
2140,JUNTOS POR EL CAMBIO,LA FUERZA DEL CAMBIO C,DIPUTADOS NACIONALES,1,Masculino
2158,JUNTOS POR EL CAMBIO,UNIDAD POR EL CAMBIO,DIPUTADOS NACIONALES,1,Masculino
2176,LA LIBERTAD AVANZA,VIVA LA LIBERTAD,DIPUTADOS NACIONALES,1,Femenino
2194,LA LIBERTAD PRIMERO,LA LIBERTAD PRIMERO,DIPUTADOS NACIONALES,1,Masculino
2212,MOVIMIENTO AVANZADA SOCIALISTA,IZQUIERDA ANTICAPITALISTA    A,DIPUTADOS NACIONALES,1,Femenino
2230,MOVIMIENTO DE ACCION VECINAL,COMPROMISO VECINAL LISTA A,DIPUTADOS NACIONALES,1,Masculino
2248,MOVIMIENTO LIBRES DEL SUR,AZUL Y ROJO A,DIPUTADOS NACIONALES,1,Femenino
2266,PROYECTO JOVEN,CENTRO Y NORTE SUR UNIDOS,DIPUTADOS NACIONALES,1,Masculino
2283,PROYECTO JOVEN,NUEVAS IDEAS LISTA C,DIPUTADOS NACIONALES,1,Masculino
2301,PROYECTO JOVEN,UNIDOS  LISTA  A,DIPUTADOS NACIONALES,1,Masculino
2319,UNION POPULAR FEDERAL,CIUDADANOS C,DIPUTADOS NACIONALES,1,Masculino
2334,UNION POPULAR FEDERAL,POPULARES CBA   F,DIPUTADOS NACIONALES,1,Femenino
2352,UNION POPULAR FEDERAL,"POR CLUB, CAPILLA Y COLEGIO   A",DIPUTADOS NACIONALES,1,Masculino
2370,UNION POPULAR FEDERAL,PRODUCCIÓN Y TRABAJO   D ,DIPUTADOS NACIONALES,1,Masculino
2388,UNION POPULAR FEDERAL,UNIDOS POR LA GENTE   B,DIPUTADOS NACIONALES,1,Masculino
2406,UNION POR LA PATRIA,CELESTE Y BLANCA   A,DIPUTADOS NACIONALES,1,Femenino
2424,UNITE POR LA LIBERTAD Y LA DIGNIDAD,CAMPO POPULAR B,DIPUTADOS NACIONALES,1,Femenino
2442,UNITE POR LA LIBERTAD Y LA DIGNIDAD,DEMOS A,DIPUTADOS NACIONALES,1,Masculino
2460,COMPROMISO FEDERAL,EVOLUCION Y PROGRESO,DIPUTADOS NACIONALES,1,Masculino
2468,ENCUENTRO POR CORRIENTES - ECO + VAMOS CORRIENTES,VERDE,DIPUTADOS NACIONALES,1,Masculino
2478,HACEMOS POR NUESTRO PAIS,FORO SOCIALCRISTIANO,DIPUTADOS NACIONALES,1,Femenino
2488,HACEMOS POR NUESTRO PAIS,HACEMOS JUNTOS,DIPUTADOS NACIONALES,1,Femenino
2498,LA LIBERTAD AVANZA,VIVA LA LIBERTAD,DIPUTADOS NACIONALES,1,Masculino
2508,"MOV. INTEG. LATIONAMERICANA DE EXPRESION SOCIAL POR TIERRA, TECHO Y TRABAJO (MILES TTT)",PRINCIPIOS Y VALORES,DIPUTADOS NACIONALES,1,Masculino
2518,MOVIMIENTO LIBRES DEL SUR,AZUL Y ROJO,DIPUTADOS NACIONALES,1,Masculino
2528,PARTIDO LIBERTARIO,UNIDAD Y COMPROMISO,DIPUTADOS NACIONALES,1,Masculino
2534,UNION POR LA PATRIA,CELESTE Y BLANCA,DIPUTADOS NACIONALES,1,Femenino
2544,JUNTOS POR ENTRE RIOS,AHORA ENTRE RíOS,DIPUTADOS NACIONALES,1,Masculino
2554,LA LIBERTAD AVANZA,LA LIBERTAD POR SIEMPRE,DIPUTADOS NACIONALES,1,Masculino
2563,MAS PARA ENTRE RIOS,2 MAS PARA ENTRE RIOS,DIPUTADOS NACIONALES,1,Masculino
2573,MOVIMIENTO AL SOCIALISMO,IZQUIERDA ANTICAPITALISTA,DIPUTADOS NACIONALES,1,Masculino
2583,NUEVA IZQUIERDA,1A UNIDAD DE LUCHADORES Y LA IZQUIERDA,DIPUTADOS NACIONALES,1,Masculino
2593,JUNTOS POR EL CAMBIO,#PODES CONFIAR ESTAMOS CON VOS,DIPUTADOS NACIONALES,1,Femenino
2602,JUNTOS POR EL CAMBIO,#PODES CONFIAR ESTAMOS CON VOS,SENADORES NACIONALES,1,Masculino
2606,JUNTOS POR EL CAMBIO,LA FUERZA DEL CAMBIO,DIPUTADOS NACIONALES,1,Masculino
2615,JUNTOS POR EL CAMBIO,LA FUERZA DEL CAMBIO,SENADORES NACIONALES,1,Masculino
2619,LA LIBERTAD AVANZA,LA LIBERTAD AVANZA,DIPUTADOS NACIONALES,1,Masculino
2628,LA LIBERTAD AVANZA,LA LIBERTAD AVANZA,SENADORES NACIONALES,1,Masculino
2632,LA NUEVA INDEPENDENCIA,MILITANTES AMIGOS,DIPUTADOS NACIONALES,1,Masculino
2638,MOVIMIENTO LIBRES DEL SUR,AZUL Y ROJO,DIPUTADOS NACIONALES,1,Femenino
2647,MOVIMIENTO LIBRES DEL SUR,AZUL Y ROJO,SENADORES NACIONALES,1,Masculino
2651,UNION POR LA PATRIA,"LISTA 2 CELESTE, BLANCA Y AZUL",DIPUTADOS NACIONALES,1,Femenino
2660,UNION POR LA PATRIA,"LISTA 2 CELESTE, BLANCA Y AZUL",SENADORES NACIONALES,1,Masculino
2664,CAMBIA JUJUY,LISTA A SIGAMOS CAMBIANDO JUJUY,DIPUTADOS NACIONALES,1,Masculino
2673,CAMBIA JUJUY,LISTA A SIGAMOS CAMBIANDO JUJUY,SENADORES NACIONALES,1,Masculino
2677,CAMBIA JUJUY,LISTA B LA FUERZA DEL CAMBIO,DIPUTADOS NACIONALES,1,Femenino
2686,CAMBIA JUJUY,LISTA B LA FUERZA DEL CAMBIO,SENADORES NACIONALES,1,Femenino
2690,CAMBIA JUJUY,LISTA C UNIR AL CAMBIO,DIPUTADOS NACIONALES,1,Masculino
2698,CAMBIA JUJUY,LISTA C UNIR AL CAMBIO,SENADORES NACIONALES,1,Femenino
2701,FRENTE DE IZQUIERDA Y DE TRABAJADORES-UNIDAD,A UNIDAD DE LUCHADORES Y LA IZQUIERDA,DIPUTADOS NACIONALES,1,Femenino
2710,FRENTE DE IZQUIERDA Y DE TRABAJADORES-UNIDAD,A UNIDAD DE LUCHADORES Y LA IZQUIERDA,SENADORES NACIONALES,1,Masculino
2714,FRENTE DE IZQUIERDA Y DE TRABAJADORES-UNIDAD,UNIR Y FORTALECER LA IZQUIERDA 1A,DIPUTADOS NACIONALES,1,Femenino
2723,FRENTE DE IZQUIERDA Y DE TRABAJADORES-UNIDAD,UNIR Y FORTALECER LA IZQUIERDA 1A,SENADORES NACIONALES,1,Masculino
2727,HACEMOS POR NUESTRO PAIS,HACEMOS POR JUJUY,DIPUTADOS NACIONALES,1,Masculino
2736,HACEMOS POR NUESTRO PAIS,HACEMOS POR JUJUY,SENADORES NACIONALES,1,Masculino
2740,MOVIMIENTO INTEGRACIóN LATINOAMERICANA DE EXPRESIóN SOCIAL-M.I.L.E.S.,JUJUY TIENE FUTURO CON PRINCIPIOS Y VALORES,DIPUTADOS NACIONALES,1,Femenino
2748,MOVIMIENTO INTEGRACIóN LATINOAMERICANA DE EXPRESIóN SOCIAL-M.I.L.E.S.,JUJUY TIENE FUTURO CON PRINCIPIOS Y VALORES,SENADORES NACIONALES,1,Masculino
2752,PARTIDO RENOVADOR FEDERAL,LIBERTAD JUJUY 1A,DIPUTADOS NACIONALES,1,Masculino
2761,PARTIDO RENOVADOR FEDERAL,LIBERTAD JUJUY 1A,SENADORES NACIONALES,1,Masculino
2765,UNION POR LA PATRIA,CELESTE Y BLANCA,DIPUTADOS NACIONALES,1,Masculino
2774,UNION POR LA PATRIA,CELESTE Y BLANCA,SENADORES NACIONALES,1,Masculino
2778,UNION POR LA PATRIA,UNIDAD RENOVADORA,DIPUTADOS NACIONALES,1,Masculino
2787,UNION POR LA PATRIA,UNIDAD RENOVADORA,SENADORES NACIONALES,1,Femenino
2791,UNION POR LA PATRIA,UNION POR JUJUY,DIPUTADOS NACIONALES,1,Masculino
2800,UNION POR LA PATRIA,UNION POR JUJUY,SENADORES NACIONALES,1,Femenino
2804,FRENTE DE IZQUIERDA Y DE TRABAJADORES,B UNIDAD DE LUCHADORES Y LA IZQUIERDA,DIPUTADOS NACIONALES,1,Masculino
2811,FRENTE DE IZQUIERDA Y DE TRABAJADORES,UNIR Y FORTALECER LA IZQUIERDA 1A,DIPUTADOS NACIONALES,1,Femenino
2818,JUNTOS POR EL CAMBIO,JUNTOS POR LA PAMPA,DIPUTADOS NACIONALES,1,Masculino
2825,JUNTOS POR EL CAMBIO,LA FUERZA DEL CAMBIO,DIPUTADOS NACIONALES,1,Masculino
2832,MOVIMIENTO AL SOCIALISMO,IZQUIERDA ANTICAPITALISTA,DIPUTADOS NACIONALES,1,Femenino
2839,UNION POR LA PATRIA,CONSENSO PERONISTA,DIPUTADOS NACIONALES,1,Masculino
2846,DEMOCRATA CRISTIANO,HACEMOS UNIDOS POR LA RIOJA,DIPUTADOS NACIONALES,1,Masculino
2855,DEMOCRATA CRISTIANO,HACEMOS UNIDOS POR LA RIOJA,SENADORES NACIONALES,1,Masculino
2859,FRENTE DE IZQUIERDA Y DE TRABAJADORES - UNIDAD, UNIDAD DE LUCHADORES Y  LA IZQUIERDA,DIPUTADOS NACIONALES,1,Femenino
2868,FRENTE DE IZQUIERDA Y DE TRABAJADORES - UNIDAD, UNIDAD DE LUCHADORES Y  LA IZQUIERDA,SENADORES NACIONALES,1,Masculino
2872,FRENTE DE IZQUIERDA Y DE TRABAJADORES - UNIDAD,UNIR Y FORTALECER LA IZQUIERDA 1A,DIPUTADOS NACIONALES,1,Femenino
2881,FRENTE DE IZQUIERDA Y DE TRABAJADORES - UNIDAD,UNIR Y FORTALECER LA IZQUIERDA 1A,SENADORES NACIONALES,1,Masculino
2885,JUNTOS POR EL CAMBIO,EL CAMBIO DE NUESTRAS VIDAS A,DIPUTADOS NACIONALES,1,Masculino
2894,JUNTOS POR EL CAMBIO,EL CAMBIO DE NUESTRAS VIDAS A,SENADORES NACIONALES,1,Masculino
2898,JUNTOS POR EL CAMBIO,LA FUERZA DEL CAMBIO B,DIPUTADOS NACIONALES,1,Femenino
2907,JUNTOS POR EL CAMBIO,LA FUERZA DEL CAMBIO B,SENADORES NACIONALES,1,Masculino
2911,LA LIBERTAD AVANZA,LA LIBERTAD AVANZA,DIPUTADOS NACIONALES,1,Masculino
2920,LA LIBERTAD AVANZA,LA LIBERTAD AVANZA,SENADORES NACIONALES,1,Masculino
2924,PROYECTO JOVEN,DEMOS LIBERTAD,DIPUTADOS NACIONALES,1,Masculino
2933,PROYECTO JOVEN,DEMOS LIBERTAD,SENADORES NACIONALES,1,Masculino
2937,PROYECTO JOVEN,VIVA LA LIBERTAD,DIPUTADOS NACIONALES,1,Masculino
2946,PROYECTO JOVEN,VIVA LA LIBERTAD,SENADORES NACIONALES,1,Femenino
2950,UNION DEL CENTRO DEMOCRATICO- UCEDE,FUERZA LIBERAL,DIPUTADOS NACIONALES,1,Masculino
2959,UNION DEL CENTRO DEMOCRATICO- UCEDE,FUERZA LIBERAL,SENADORES NACIONALES,1,Masculino
2963,UNION POR LA PATRIA,CELESTE Y BANCA,DIPUTADOS NACIONALES,1,Masculino
2972,UNION POR LA PATRIA,CELESTE Y BLANCA,SENADORES NACIONALES,1,Femenino
2976,CAMBIA MENDOZA,A MENDOZA HACE,DIPUTADOS NACIONALES,1,Masculino
2987,COMPROMISO FEDERAL,A HACEMOS UNIDOS POR MENDOZA,DIPUTADOS NACIONALES,1,Masculino
2998,FRENTE DE IZQUIERDA Y DE TRABAJADORES – UNIDAD,A UNIR Y FORTALECER LA IZQUIERDA ,DIPUTADOS NACIONALES,1,Femenino
3009,FRENTE DE IZQUIERDA Y DE TRABAJADORES – UNIDAD,B UNIDAD DE LUCHADORES Y LA IZQUIERDA,DIPUTADOS NACIONALES,1,Masculino
3020,LA LIBERTAD AVANZA,A LA LIBERTAD MENDOZA,DIPUTADOS NACIONALES,1,Femenino
3031,MOVIMIENTO AL SOCIALISMO (MAS),IZQUIERDA ANTICAPITALISTA,DIPUTADOS NACIONALES,1,Femenino
3042,MOVIMIENTO LIBRES DEL SUR,AZUL Y ROJO,DIPUTADOS NACIONALES,1,Masculino
3053,UNION POR LA PATRIA,A CELESTE Y BLANCA,DIPUTADOS NACIONALES,1,Masculino
3064,FRENTE RENOVADOR DE LA CONCORDIA-INNOVACION FEDERAL MNES,"ROJA, AZUL Y BLANCA",DIPUTADOS NACIONALES,1,Masculino
3074,FRENTE RENOVADOR DE LA CONCORDIA-INNOVACION FEDERAL MNES,"ROJA, AZUL Y BLANCA",SENADORES NACIONALES,1,Masculino
3078,FUERZA LIBERAL MNES,LIBERTAD VIVA,DIPUTADOS NACIONALES,1,Masculino
3088,FUERZA LIBERAL MNES,LIBERTAD VIVA,SENADORES NACIONALES,1,Masculino
3092,JUNTOS POR EL CAMBIO MNES,EL CAMBIO DE NUESTRAS VIDAS,DIPUTADOS NACIONALES,1,Masculino
3102,JUNTOS POR EL CAMBIO MNES,EL CAMBIO DE NUESTRAS VIDAS,SENADORES NACIONALES,1,Masculino
3106,JUNTOS POR EL CAMBIO MNES,LA FUERZA DEL CAMBIO,DIPUTADOS NACIONALES,1,Masculino
3116,JUNTOS POR EL CAMBIO MNES,LA FUERZA DEL CAMBIO,SENADORES NACIONALES,1,Masculino
3120,PARTIDO AGRARIO Y SOCIAL MNES,POR LA GENTE  LETRA P,DIPUTADOS NACIONALES,1,Masculino
3130,PARTIDO AGRARIO Y SOCIAL MNES,POR LA GENTE  LETRA P,SENADORES NACIONALES,1,Masculino
3137,PARTIDO DEL OBRERO,UNIDAD DE TRABAJADORES Y LA IZQUIERDA,DIPUTADOS NACIONALES,1,Masculino
3144,PARTIDO DEL OBRERO,UNIDAD DE TRABAJADORES Y LA IZQUIERDA,SENADORES NACIONALES,1,Femenino
3148,UNION POPULAR FEDERAL MNES,HACEMOS UNIDOS,DIPUTADOS NACIONALES,1,Masculino
3158,UNION POPULAR FEDERAL MNES,HACEMOS UNIDOS,SENADORES NACIONALES,1,Femenino
3162,ARRIBA NEUQUEN,A,DIPUTADOS NACIONALES,1,Femenino
3169,FRENTE DE IZQUIERDA Y DE TRABAJADORES - UNIDAD,UNIDAD DE LUCHADORES Y LA IZQUIERDA,DIPUTADOS NACIONALES,1,Femenino
3176,FRENTE DE IZQUIERDA Y DE TRABAJADORES - UNIDAD,UNIR Y FORTALECER LA IZQUIERDA,DIPUTADOS NACIONALES,1,Femenino
3183,JUNTOS POR EL CAMBIO,EL CAMBIO DE NUESTRAS VIDAS,DIPUTADOS NACIONALES,1,Femenino
3190,JUNTOS POR EL CAMBIO,LA FUERZA DEL CAMBIO,DIPUTADOS NACIONALES,1,Masculino
3197,LIBRES Y SOCIALISTAS,OJALA LA TIERRA,DIPUTADOS NACIONALES,1,Femenino
3204,MOVIMIENTO POPULAR NEUQUINO,LETRA A   NEUQUEN PAIS,DIPUTADOS NACIONALES,1,Masculino
3211,MOVIMIENTO POPULAR NEUQUINO,UNIDOS POR NEUQUEN,DIPUTADOS NACIONALES,1,Masculino
3218,UNIÓN POR LA PATRIA,CELESTE Y BLANCA N°2,DIPUTADOS NACIONALES,1,Masculino
3225,FRENTE DE IZQUIERDA Y DE TRABAJADORES - UNIDAD,A UNIR Y FORTALECER LA IZQUIERDA,DIPUTADOS NACIONALES,1,Femenino
3234,FRENTE DE IZQUIERDA Y DE TRABAJADORES - UNIDAD,B UNIDAD DE LUCHADORES Y LA IZQUIERDA,DIPUTADOS NACIONALES,1,Femenino
3243,JUNTOS POR EL CAMBIO,B LA FUERZA DEL CAMBIO,DIPUTADOS NACIONALES,1,Masculino
3252,JUNTOS POR EL CAMBIO,C EL CAMBIO DE NUESTRAS VIDAS,DIPUTADOS NACIONALES,1,Masculino
3261,JUNTOS SOMOS RIO NEGRO,SIGAMOS CRECIENDO,DIPUTADOS NACIONALES,1,Masculino
3270,MOVIMIENTO AL SOCIALISMO,A IZQUIERDA ANTICAPITALISTA,DIPUTADOS NACIONALES,1,Masculino
3279,PARTIDO FE,A CON FE,DIPUTADOS NACIONALES,1,Femenino
3288,UNION POR LA PATRIA,A AZUL CELESTE Y BLANCA UNIDAD,DIPUTADOS NACIONALES,1,Masculino
3297,AHORA PATRIA,AHORA LIBERTAD A,DIPUTADOS NACIONALES,1,Femenino
3307,FRENTE DE IZQUIERDA Y DE TRABAJADORES - UNIDAD,A UNIR Y FORTALECER LA IZQUIERDA ,DIPUTADOS NACIONALES,1,Femenino
3317,FRENTE DE IZQUIERDA Y DE TRABAJADORES - UNIDAD,B UNIDAD DE LUCHADORES Y LA IZQUIERDA,DIPUTADOS NACIONALES,1,Femenino
3327,JUNTOS POR EL CAMBIO,CAMBIO RADICAL   D,DIPUTADOS NACIONALES,1,Masculino
3337,JUNTOS POR EL CAMBIO,EL CAMBIO DE NUESTRAS VIDAS   B,DIPUTADOS NACIONALES,1,Femenino
3347,JUNTOS POR EL CAMBIO,LA FUERZA DEL CAMBIO   A,DIPUTADOS NACIONALES,1,Masculino
3357,JUNTOS POR EL CAMBIO,PARA RENOVAR SALTA   C,DIPUTADOS NACIONALES,1,Masculino
3367,MOVIMIENTO AL SOCIALISMO,A IZQUIERDA ANTICAPITALISTA,DIPUTADOS NACIONALES,1,Masculino
3377,MOVIMIENTO LIBRES DEL SUR,40 AZUL Y ROJO   A,DIPUTADOS NACIONALES,1,Masculino
3387,PARTIDO AUTONOMISTA,HACEMOS UNIDOS POR SALTA A,DIPUTADOS NACIONALES,1,Masculino
3397,POLITICA OBRERA,UNIDAD OBRERA A,DIPUTADOS NACIONALES,1,Femenino
3407,SI-SALTA INDEPENDIENTE,A   POR UNA SALTA INDEPENDIENTE,DIPUTADOS NACIONALES,1,Masculino
3417,UNION POR LA PATRIA,UNION PARA LA VICTORIA K,DIPUTADOS NACIONALES,1,Masculino
3427,UNION POR LA PATRIA,UNION POR LA FELICIDAD DE SALTA C,DIPUTADOS NACIONALES,1,Femenino
3437,UNION POR LA PATRIA,UNION POR SALTA A,DIPUTADOS NACIONALES,1,Masculino
3447,ALIANZA JUNTOS POR EL CAMBIO,CAMBIA SAN JUAN,DIPUTADOS NACIONALES,1,Femenino
3456,ALIANZA JUNTOS POR EL CAMBIO,CAMBIA SAN JUAN,SENADORES NACIONALES,1,Masculino
3460,ALIANZA JUNTOS POR EL CAMBIO,LA FUERZA DEL CAMBIO,DIPUTADOS NACIONALES,1,Femenino
3469,ALIANZA JUNTOS POR EL CAMBIO,LA FUERZA DEL CAMBIO,SENADORES NACIONALES,1,Masculino
3473,FRENTE DE IZQUIERDA Y DE TRABAJADORES - UNIDAD,1A UNIR Y FORTALECER LA IZQUIERDA,DIPUTADOS NACIONALES,1,Femenino
3482,FRENTE DE IZQUIERDA Y DE TRABAJADORES - UNIDAD,1A UNIR Y FORTALECER LA IZQUIERDA,SENADORES NACIONALES,1,Masculino
3486,FRENTE DE IZQUIERDA Y DE TRABAJADORES - UNIDAD,B UNIDAD DE LUCHADORES Y LA IZQUIERDA,DIPUTADOS NACIONALES,1,Masculino
3495,FRENTE DE IZQUIERDA Y DE TRABAJADORES - UNIDAD,B UNIDAD DE LUCHADORES Y LA IZQUIERDA,SENADORES NACIONALES,1,Femenino
3499,FRENTE UNIÓN POR LA PATRIA - SAN JUAN,SAN JUAN VUELVE,DIPUTADOS NACIONALES,1,Masculino
3508,FRENTE UNIÓN POR LA PATRIA - SAN JUAN,SAN JUAN VUELVE,SENADORES NACIONALES,1,Masculino
3512,FRENTE UNIÓN POR LA PATRIA - SAN JUAN,VAMOS SAN JUAN,DIPUTADOS NACIONALES,1,Masculino
3521,FRENTE UNIÓN POR LA PATRIA - SAN JUAN,VAMOS SAN JUAN,SENADORES NACIONALES,1,Masculino
3525,LA LIBERTAD AVANZA,IDEAS DE LA LIBERTAD,DIPUTADOS NACIONALES,1,Masculino
3534,LA LIBERTAD AVANZA,IDEAS DE LA LIBERTAD,SENADORES NACIONALES,1,Masculino
3538,PARTIDO CRUZADA RENOVADORA,BLANCA UNIDAD,DIPUTADOS NACIONALES,1,Masculino
3547,PARTIDO CRUZADA RENOVADORA,BLANCA UNIDAD,SENADORES NACIONALES,1,Masculino
3551,PARTIDO MOVIMIENTO LIBRES DEL SUR - SIGLA L.D.S.,AZUL Y ROJO,DIPUTADOS NACIONALES,1,Masculino
3560,PARTIDO MOVIMIENTO LIBRES DEL SUR - SIGLA L.D.S.,AZUL Y ROJO,SENADORES NACIONALES,1,Masculino
3564,PARTIDO POPULAR,PRINCIPIO Y VALORES,DIPUTADOS NACIONALES,1,Masculino
3573,PARTIDO POPULAR,PRINCIPIO Y VALORES,SENADORES NACIONALES,1,Masculino
3577,PARTIDO SOCIALISTA,HACEMOS UNIDOS POR SAN JUAN,DIPUTADOS NACIONALES,1,Masculino
3586,PARTIDO SOCIALISTA,HACEMOS UNIDOS POR SAN JUAN,SENADORES NACIONALES,1,Masculino
3590,ALIANZA FRENTE DE IZQUIERDA Y DE TRABAJADORES UNIDAD  SAN LUIS,1B UNIDAD DE LUCHADORES Y LA IZQUIERDA,DIPUTADOS NACIONALES,1,Masculino
3597,ALIANZA FRENTE DE IZQUIERDA Y DE TRABAJADORES UNIDAD  SAN LUIS,1B UNIDAD DE LUCHADORES Y LA IZQUIERDA,SENADORES NACIONALES,1,Masculino
3601,ALIANZA FRENTE DE IZQUIERDA Y DE TRABAJADORES UNIDAD  SAN LUIS,UNIR Y FORTALECER LA IZQUIERDA (1A),DIPUTADOS NACIONALES,1,Femenino
3608,ALIANZA FRENTE DE IZQUIERDA Y DE TRABAJADORES UNIDAD  SAN LUIS,UNIR Y FORTALECER LA IZQUIERDA (1A),SENADORES NACIONALES,1,Femenino
3612,ALIANZA LA LIBERTAD AVANZA SAN LUIS,DOGMA LIBERTARIO,DIPUTADOS NACIONALES,1,Masculino
3619,ALIANZA LA LIBERTAD AVANZA SAN LUIS,DOGMA LIBERTARIO,SENADORES NACIONALES,1,Masculino
3623,JUNTOS POR EL CAMBIO  SAN LUIS,EL CAMBIO DE NUESTRAS VIDAS,DIPUTADOS NACIONALES,1,Masculino
3630,JUNTOS POR EL CAMBIO  SAN LUIS,EL CAMBIO DE NUESTRAS VIDAS,SENADORES NACIONALES,1,Femenino
3634,JUNTOS POR EL CAMBIO  SAN LUIS,LA FUERZA DEL CAMBIO,DIPUTADOS NACIONALES,1,Masculino
3641,JUNTOS POR EL CAMBIO  SAN LUIS,LA FUERZA DEL CAMBIO,SENADORES NACIONALES,1,Masculino
3645,MOVIMIENTO AL SOCIALISMO SAN LUIS,IZQUIERDA ANTICAPITALISTA,DIPUTADOS NACIONALES,1,Masculino
3652,MOVIMIENTO AL SOCIALISMO SAN LUIS,IZQUIERDA ANTICAPITALISTA,SENADORES NACIONALES,1,Masculino
3656,MOVIMIENTO LIBRES DEL SUR SAN LUIS,AZUL Y ROJO,DIPUTADOS NACIONALES,1,Femenino
3663,MOVIMIENTO LIBRES DEL SUR SAN LUIS,AZUL Y ROJO,SENADORES NACIONALES,1,Masculino
3667,PARTIDO DEMOCRATA SAN LUIS,DEMOCRATAS POR LA LIBERTAD,DIPUTADOS NACIONALES,1,Masculino
3674,PARTIDO DEMOCRATA SAN LUIS,DEMOCRATAS POR LA LIBERTAD,SENADORES NACIONALES,1,Femenino
3678,PARTIDO UNION Y LIBERTAD SAN LUIS,L1,DIPUTADOS NACIONALES,1,Masculino
3685,PARTIDO UNION Y LIBERTAD SAN LUIS,L1,SENADORES NACIONALES,1,Masculino
3689,UNION POR SAN LUIS,CELESTE UNIDAD,DIPUTADOS NACIONALES,1,Masculino
3696,UNION POR SAN LUIS,CELESTE UNIDAD,SENADORES NACIONALES,1,Masculino
3700,AGRUPACION MOVIMIENTO AL SOCIALISMO,IZQUIERDA ANTICAPITALISTA,DIPUTADOS NACIONALES,1,Masculino
3707,AGRUPACION MOVIMIENTO AL SOCIALISMO,IZQUIERDA ANTICAPITALISTA,SENADORES NACIONALES,1,Masculino
3711,ALIANZA CAMBIA SANTA CRUZ,EL CAMBIO DE NUESTRAS VIDAS,DIPUTADOS NACIONALES,1,Masculino
3718,ALIANZA CAMBIA SANTA CRUZ,EL CAMBIO DE NUESTRAS VIDAS,SENADORES NACIONALES,1,Masculino
3722,ALIANZA CAMBIA SANTA CRUZ,SUMAMOS FUERZAS EN SANTA CRUZ,DIPUTADOS NACIONALES,1,Masculino
3729,ALIANZA CAMBIA SANTA CRUZ,SUMAMOS FUERZAS EN SANTA CRUZ,SENADORES NACIONALES,1,Femenino
3736,ALIANZA FRENTE DE IZQUIERDA Y DE LOS TRABAJADORES-UNIDAD,1A UNIDAD DE LUCHADORES Y LA IZQUIERDA,DIPUTADOS NACIONALES,1,Masculino
3743,ALIANZA FRENTE DE IZQUIERDA Y DE LOS TRABAJADORES-UNIDAD,1A UNIDAD DE LUCHADORES Y LA IZQUIERDA,SENADORES NACIONALES,1,Masculino
3747,ALIANZA FRENTE DE IZQUIERDA Y DE LOS TRABAJADORES-UNIDAD,1A UNIR Y FORTALECER LA IZQUIERDA,DIPUTADOS NACIONALES,1,Femenino
3751,ALIANZA FRENTE DE IZQUIERDA Y DE LOS TRABAJADORES-UNIDAD,1A UNIR Y FORTALECER LA IZQUIERDA,SENADORES NACIONALES,1,Femenino
3755,ALIANZA POR SANTA CRUZ,HACER SANTA CRUZ,DIPUTADOS NACIONALES,1,Masculino
3762,ALIANZA POR SANTA CRUZ,HACER SANTA CRUZ,SENADORES NACIONALES,1,Masculino
3766,ALIANZA UNION POR LA PATRIA,ACUERDO SANTACRUCEÑO,DIPUTADOS NACIONALES,1,Femenino
3773,ALIANZA UNION POR LA PATRIA,ACUERDO SANTACRUCEÑO,SENADORES NACIONALES,1,Femenino
3777,ALIANZA UNION POR LA PATRIA,CONSTRUYAMOS JUNTOS,DIPUTADOS NACIONALES,1,Femenino
3784,ALIANZA FRENTE AMPLIO POR LA SOBERANIA,A   SOBERANíA POPULAR,DIPUTADOS NACIONALES,1,Masculino
3800,ALIANZA FRENTE DE IZQUIERDA Y TRABAJADORES- UNIDAD,B UNIDAD DE LUCHADORES Y LA IZQUIERDA ,DIPUTADOS NACIONALES,1,Femenino
3819,ALIANZA FRENTE DE IZQUIERDA Y TRABAJADORES- UNIDAD,UNIR Y FORTALECER LA IZQUIERDA A,DIPUTADOS NACIONALES,1,Masculino
3838,ALIANZA JUNTOS POR EL CAMBIO,A. EL CAMBIO DE NUESTRAS VIDAS,DIPUTADOS NACIONALES,1,Masculino
3857,ALIANZA JUNTOS POR EL CAMBIO,B. LA FUERZA DEL CAMBIO,DIPUTADOS NACIONALES,1,Masculino
3876,ALIANZA LA FUERZA DE SANTA FE,PARTICIPACION Y SOLIDARIDAD  LETRA A,DIPUTADOS NACIONALES,1,Masculino
3895,ALIANZA LA LIBERTAD AVANZA,LISTA A: LIBERTAD POR SIEMPRE,DIPUTADOS NACIONALES,1,Femenino
3914,ALIANZA NUEVO RUMBO,1A   VECINOS CON RUMBO,DIPUTADOS NACIONALES,1,Femenino
3933,ALIANZA NUEVO RUMBO,2B   POR LOS VALORES,DIPUTADOS NACIONALES,1,Masculino
3951,ALIANZA NUEVO RUMBO,3C   RECREO SOCIAL,DIPUTADOS NACIONALES,1,Masculino
3970,ALIANZA UNION POR LA PATRIA,A  CELESTE Y BLANCA,DIPUTADOS NACIONALES,1,Masculino
3989,ENCUENTRO REPUBLICANO FEDERAL,A   DEMOS,DIPUTADOS NACIONALES,1,Masculino
4008,ENCUENTRO REPUBLICANO FEDERAL,B   MODERADO,DIPUTADOS NACIONALES,1,Masculino
4027,ENCUENTRO REPUBLICANO FEDERAL,C   REPUBLICANO POPULAR,DIPUTADOS NACIONALES,1,Femenino
4046,LEALTAD Y DIGNIDAD,A SANTA FE PRIMERO,DIPUTADOS NACIONALES,1,Masculino
4065,LEALTAD Y DIGNIDAD,B PRODUCCION Y JUSTICIA SOCIAL,DIPUTADOS NACIONALES,1,Masculino
4084,LEALTAD Y DIGNIDAD,C LA NUEVA SANTA FE,DIPUTADOS NACIONALES,1,Masculino
4103,LEALTAD Y DIGNIDAD,D CREZCAMOS POR SANTA FE,DIPUTADOS NACIONALES,1,Masculino
4122,LEALTAD Y DIGNIDAD,E RECUPERANDO NUESTRA CULTURA,DIPUTADOS NACIONALES,1,Masculino
4141,LEALTAD Y DIGNIDAD,F UNIDAD SANTAFESINA,DIPUTADOS NACIONALES,1,Masculino
4160,LEALTAD Y DIGNIDAD,G POR LOS PRINCIPIOS SOCIALES,DIPUTADOS NACIONALES,1,Masculino
4179,MOVIMIENTO INDEPENDIENTE RENOVADOR,1 A   DESARROLLO AGRO INDUSTRIAL,DIPUTADOS NACIONALES,1,Femenino
4201,MOVIMIENTO IZQUIERDA JUVENTUD DIGNIDAD,1A SANTA FE SEGURA,DIPUTADOS NACIONALES,1,Femenino
4217,MOVIMIENTO LIBRES DEL SUR,A. AZUL Y ROJO,DIPUTADOS NACIONALES,1,Femenino
4239,PARTIDO AUTONOMISTA,1A  AUTONOMISTA EN MARCHA,DIPUTADOS NACIONALES,1,Masculino
4256,PARTIDO AUTONOMISTA,2B  DIGNIDAD ANIMAL,DIPUTADOS NACIONALES,1,Masculino
4275,PARTIDO AUTONOMISTA,3C  RENACER,DIPUTADOS NACIONALES,1,Masculino
4291,PARTIDO AUTONOMISTA,4D  FUTURO MEJOR,DIPUTADOS NACIONALES,1,Femenino
4309,PARTIDO FE,1A   SIEMPRE CON FE,DIPUTADOS NACIONALES,1,Masculino
4328,PARTIDO FE,2B   VAMOS CON FE,DIPUTADOS NACIONALES,1,Femenino
4350,PARTIDO FE,3C  NUEVO HORIZONTE,DIPUTADOS NACIONALES,1,Masculino
4366,POLITICA ABIERTA PARA LA INTEGRIDAD SOCIAL,LISTA A CON LOS MISMOS NO,DIPUTADOS NACIONALES,1,Masculino
4385,POLITICA ABIERTA PARA LA INTEGRIDAD SOCIAL,LISTA B PRIMERO SANTA FE,DIPUTADOS NACIONALES,1,Femenino
4404,PROYECTO JOVEN,A   PATRIA UNIDA,DIPUTADOS NACIONALES,1,Masculino
4423,PROYECTO JOVEN,B   FRENTE JOVEN,DIPUTADOS NACIONALES,1,Masculino
4442,PROYECTO JOVEN,C   PATRIA Y FUTURO,DIPUTADOS NACIONALES,1,Masculino
4461,ENCUENTRO REPUBLICANO FEDERAL,DESPIERTA SANTIAGO,DIPUTADOS NACIONALES,1,Masculino
4471,ENCUENTRO REPUBLICANO FEDERAL,MOVIMIENTO VIABLE,DIPUTADOS NACIONALES,1,Masculino
4481,FRENTE CIVICO POR SANTIAGO,TODOS POR SANTIAGO,DIPUTADOS NACIONALES,1,Masculino
4491,FRENTE PATRIOTA FEDERAL,PATRIOTAS,DIPUTADOS NACIONALES,1,Masculino
4501,FRENTE RENOVADOR,HAY ALTERNATIVA,DIPUTADOS NACIONALES,1,Masculino
4511,JUNTOS POR EL CAMBIO,EL CAMBIO DE NUESTRAS VIDAS,DIPUTADOS NACIONALES,1,Femenino
4521,MOVIMIENTO LIBRES DEL SUR,AZUL Y ROJO,DIPUTADOS NACIONALES,1,Masculino
4531,NUEVA IZQUIERDA,A UNIDAD DE LUCHADORES Y LA IZQUIERDA,DIPUTADOS NACIONALES,1,Femenino
4541,PARTIDO AUTONOMISTA,A 9 DE JULIO,DIPUTADOS NACIONALES,1,Masculino
4551,PARTIDO AUTONOMISTA,B SANTIAGO LO MERECE,DIPUTADOS NACIONALES,1,Femenino
4561,PARTIDO AUTONOMISTA,C SANTIAGO AUTONOMISTA,DIPUTADOS NACIONALES,1,Femenino
4571,PARTIDO AUTONOMISTA,D PATRIA GRANDE,DIPUTADOS NACIONALES,1,Masculino
4581,PARTIDO LABORISTA,LIBERTAD Y TRABAJO,DIPUTADOS NACIONALES,1,Femenino
4591,PARTIDO UNION CELESTE Y BLANCO,LA LIBERTAD AVANZA,DIPUTADOS NACIONALES,1,Femenino
4601,POLITICA OBRERA,UNIDAD OBRERA,DIPUTADOS NACIONALES,1,Femenino
4611,PRINCIPIOS Y VALORES,A VOCES LIBERTARIAS SDE,DIPUTADOS NACIONALES,1,Masculino
4619,PRINCIPIOS Y VALORES,C POR LOS VALORES,DIPUTADOS NACIONALES,1,Masculino
4626,PROYECTO JOVEN,JOVENES EN ACCION,DIPUTADOS NACIONALES,1,Masculino
4636,TRES BANDERAS,INDEPENDENCIA,DIPUTADOS NACIONALES,1,Masculino
4646,TRES BANDERAS,POR LA JUSTICIA,DIPUTADOS NACIONALES,1,Masculino
4656,TRES BANDERAS,SOBERANIA,DIPUTADOS NACIONALES,1,Masculino
4666,ALIANZA FRENTE DE IZQUIERDA DE TRABAJADORES - UNIDAD,UNIDAD DE LUCHADORES Y LA IZQUIERDA,DIPUTADOS NACIONALES,1,Femenino
4675,ALIANZA FRENTE DE IZQUIERDA DE TRABAJADORES - UNIDAD,UNIR Y FORTALECER LA IZQUIERDA 1 A,DIPUTADOS NACIONALES,1,Femenino
4684,ALIANZA HACEMOS POR NUESTRO PAÍS,HACEMOS,DIPUTADOS NACIONALES,1,Masculino
4693,ALIANZA JUNTOS POR EL CAMBIO TDF,EL CAMBIO DE NUESTRAS VIDAS,DIPUTADOS NACIONALES,1,Masculino
4702,ALIANZA JUNTOS POR EL CAMBIO TDF,LA FUERZA DEL CAMBIO,DIPUTADOS NACIONALES,1,Masculino
4711,ALIANZA UNIÓN POR LA PATRIA,LISTA CELESTE Y BLANCA,DIPUTADOS NACIONALES,1,Femenino
4720,MOVIMIENTO AL SOCIALISMO,IZQUIERDA ANTICAPITALISTA,DIPUTADOS NACIONALES,1,Masculino
4729,REPUBLICANOS UNIDOS,FUEGUINOS,DIPUTADOS NACIONALES,1,Masculino
4738,SOMOS FUEGUINOS,167 A PRIMERO TIERRA DEL FUEGO,DIPUTADOS NACIONALES,1,Femenino
4744,FRENTE DE IZQUIERDA Y DE TRABAJADORES - UNIDAD,A UNIR Y FORTALECER LA IZQUIERDA,DIPUTADOS NACIONALES,1,Femenino
4755,FRENTE DE IZQUIERDA Y DE TRABAJADORES - UNIDAD,B UNIDAD DE LUCHADORES Y LA IZQUIERDA,DIPUTADOS NACIONALES,1,Masculino
4766,FRENTE UNION POR LA PATRIA,CELESTE Y BLANCA,DIPUTADOS NACIONALES,1,Masculino
4777,FUERZA REPUBLICANA,CELESTE Y BLANCA,DIPUTADOS NACIONALES,1,Masculino
4788,JUNTOS POR EL CAMBIO,EL CAMBIO DE NUESTRAS VIDAS,DIPUTADOS NACIONALES,1,Masculino
4799,JUNTOS POR EL CAMBIO,LA FUERZA DEL CAMBIO,DIPUTADOS NACIONALES,1,Masculino
4810,MOVIMIENTO LIBRES DEL SUR,PRIMERO TUCUMAN,DIPUTADOS NACIONALES,1,Masculino
4821,POLITICA OBRERA,UNIDAD OBRERA,DIPUTADOS NACIONALES,1,Femenino
4832,FRENTE DE IZQUIERDA Y DE TRABAJADORES-UNIDAD,A UNIR Y FORTALECER LA IZQUIERDA,PARLAMENTARIOS DEL MERCOSUR,1,Masculino
4872,FRENTE DE IZQUIERDA Y DE TRABAJADORES-UNIDAD,B UNIDAD DE LUCHADORES Y LA IZQUIERDA,PARLAMENTARIOS DEL MERCOSUR,1,Masculino
4912,FRENTE PATRIOTA FEDERAL,PRIMERO LA PATRIA,PARLAMENTARIOS DEL MERCOSUR,1,Masculino
4950,HACEMOS POR NUESTRO PAIS,HACEMOS,PARLAMENTARIOS DEL MERCOSUR,1,Masculino
4988,JUNTOS POR EL CAMBIO,LISTA A EL CAMBIO DE NUESTRAS VIDAS,PARLAMENTARIOS DEL MERCOSUR,1,Femenino
5023,JUNTOS POR EL CAMBIO,LISTA B LA FUERZA DEL CAMBIO,PARLAMENTARIOS DEL MERCOSUR,1,Masculino
5063,LA LIBERTAD AVANZA,LIBERTAD POR SIEMPRE,PARLAMENTARIOS DEL MERCOSUR,1,Masculino
5103,LIBER.AR,A DEMOS,PARLAMENTARIOS DEL MERCOSUR,1,Masculino
5143,MOVIMIENTO AL SOCIALISMO,IZQUIERDA ANTICAPITALISTA,PARLAMENTARIOS DEL MERCOSUR,1,Masculino
5184,MOVIMIENTO DE ACCION VECINAL,LISTA  A  COMPROMISO VECINAL,PARLAMENTARIOS DEL MERCOSUR,1,Masculino
5222,MOVIMIENTO IZQUIERDA JUVENTUD DIGNIDAD,LISTA A DIGNIDAD,PARLAMENTARIOS DEL MERCOSUR,1,Femenino
5262,MOVIMIENTO IZQUIERDA JUVENTUD DIGNIDAD,LISTA B CONFEDERAL,PARLAMENTARIOS DEL MERCOSUR,1,Masculino
5301,MOVIMIENTO LIBRES DEL SUR,AZUL Y ROJO,PARLAMENTARIOS DEL MERCOSUR,1,Masculino
5341,POLíTICA OBRERA,A UNIDAD OBRERA,PARLAMENTARIOS DEL MERCOSUR,1,Masculino
5381,PRINCIPIOS Y VALORES,"1A TIERRA, TECHO Y TRABAJO",PARLAMENTARIOS DEL MERCOSUR,1,Masculino
5412,PROYECTO JOVEN,COALICION PAZ DEMOCRACIA,PARLAMENTARIOS DEL MERCOSUR,1,Femenino
5450,PROYECTO JOVEN,NUEVA DEMOCRACIA,PARLAMENTARIOS DEL MERCOSUR,1,Femenino
5488,PROYECTO JOVEN,TODEX,PARLAMENTARIOS DEL MERCOSUR,1,Masculino
5530,UNION POR LA PATRIA,CELESTE Y BLANCA,PARLAMENTARIOS DEL MERCOSUR,1,Femenino
5572,FRENTE DE IZQUIERDA Y DE TRABAJADORES-UNIDAD,A UNIR Y FORTALECER LA IZQUIERDA,PARLAMENTARIOS DEL MERCOSUR,1,Masculino
5610,FRENTE DE IZQUIERDA Y DE TRABAJADORES-UNIDAD,B UNIDAD DE LUCHADORES Y LA IZQUIERDA,PARLAMENTARIOS DEL MERCOSUR,1,Masculino
5648,FRENTE PATRIOTA FEDERAL,PRIMERO LA PATRIA,PARLAMENTARIOS DEL MERCOSUR,1,Masculino
5684,HACEMOS POR NUESTRO PAIS,HACEMOS,PARLAMENTARIOS DEL MERCOSUR,1,Masculino
5720,JUNTOS POR EL CAMBIO,LISTA A EL CAMBIO DE NUESTRAS VIDAS,PARLAMENTARIOS DEL MERCOSUR,1,Femenino
5753,JUNTOS POR EL CAMBIO,LISTA B LA FUERZA DEL CAMBIO,PARLAMENTARIOS DEL MERCOSUR,1,Masculino
5791,LA LIBERTAD AVANZA,LIBERTAD POR SIEMPRE,PARLAMENTARIOS DEL MERCOSUR,1,Masculino
5829,LIBER.AR,A DEMOS,PARLAMENTARIOS DEL MERCOSUR,1,Masculino
5865,LIBER.AR,LISTA C ANTICORRUPCION,PARLAMENTARIOS DEL MERCOSUR,1,Masculino
5903,MOVIMIENTO AL SOCIALISMO,IZQUIERDA ANTICAPITALISTA,PARLAMENTARIOS DEL MERCOSUR,1,Masculino
5940,MOVIMIENTO DE ACCION VECINAL,LISTA  A  COMPROMISO VECINAL,PARLAMENTARIOS DEL MERCOSUR,1,Masculino
5978,MOVIMIENTO IZQUIERDA JUVENTUD DIGNIDAD,LISTA A DIGNIDAD,PARLAMENTARIOS DEL MERCOSUR,1,Femenino
6016,MOVIMIENTO IZQUIERDA JUVENTUD DIGNIDAD,LISTA B CONFEDERAL,PARLAMENTARIOS DEL MERCOSUR,1,Masculino
6053,MOVIMIENTO LIBRES DEL SUR,AZUL Y ROJO,PARLAMENTARIOS DEL MERCOSUR,1,Masculino
6091,POLíTICA OBRERA,A UNIDAD OBRERA,PARLAMENTARIOS DEL MERCOSUR,1,Masculino
6129,PRINCIPIOS Y VALORES,"1A TIERRA, TECHO Y TRABAJO",PARLAMENTARIOS DEL MERCOSUR,1,Masculino
6158,PRINCIPIOS Y VALORES,2B TRANSFORMAR,PARLAMENTARIOS DEL MERCOSUR,1,Femenino
6195,PROYECTO JOVEN,COALICION PAZ DEMOCRACIA,PARLAMENTARIOS DEL MERCOSUR,1,Femenino
6231,PROYECTO JOVEN,NUEVA DEMOCRACIA,PARLAMENTARIOS DEL MERCOSUR,1,Femenino
6267,PROYECTO JOVEN,TODEX,PARLAMENTARIOS DEL MERCOSUR,1,Masculino
6305,UNION POR LA PATRIA,CELESTE Y BLANCA,PARLAMENTARIOS DEL MERCOSUR,1,Femenino
6343,FRENTE DE IZQUIERDA Y DE TRABAJADORES-UNIDAD,A UNIR Y FORTALECER LA IZQUIERDA,PARLAMENTARIOS DEL MERCOSUR,1,Masculino
6381,FRENTE DE IZQUIERDA Y DE TRABAJADORES-UNIDAD,B UNIDAD DE LUCHADORES Y LA IZQUIERDA,PARLAMENTARIOS DEL MERCOSUR,1,Masculino
6419,FRENTE PATRIOTA FEDERAL,PRIMERO LA PATRIA,PARLAMENTARIOS DEL MERCOSUR,1,Masculino
6455,HACEMOS POR NUESTRO PAIS,HACEMOS,PARLAMENTARIOS DEL MERCOSUR,1,Masculino
6491,JUNTOS POR EL CAMBIO,LISTA A EL CAMBIO DE NUESTRAS VIDAS,PARLAMENTARIOS DEL MERCOSUR,1,Femenino
6524,JUNTOS POR EL CAMBIO,LISTA B LA FUERZA DEL CAMBIO,PARLAMENTARIOS DEL MERCOSUR,1,Masculino
6562,LA LIBERTAD AVANZA,LIBERTAD POR SIEMPRE,PARLAMENTARIOS DEL MERCOSUR,1,Masculino
6600,LIBER.AR,A DEMOS,PARLAMENTARIOS DEL MERCOSUR,1,Masculino
6636,LIBER.AR,LISTA C ANTICORRUPCION,PARLAMENTARIOS DEL MERCOSUR,1,Masculino
6672,MOVIMIENTO AL SOCIALISMO,IZQUIERDA ANTICAPITALISTA,PARLAMENTARIOS DEL MERCOSUR,1,Masculino
6709,MOVIMIENTO DE ACCION VECINAL,LISTA  A  COMPROMISO VECINAL,PARLAMENTARIOS DEL MERCOSUR,1,Masculino
6747,MOVIMIENTO IZQUIERDA JUVENTUD DIGNIDAD,LISTA A DIGNIDAD,PARLAMENTARIOS DEL MERCOSUR,1,Femenino
6785,MOVIMIENTO IZQUIERDA JUVENTUD DIGNIDAD,LISTA B CONFEDERAL,PARLAMENTARIOS DEL MERCOSUR,1,Masculino
6822,MOVIMIENTO LIBRES DEL SUR,AZUL Y ROJO,PARLAMENTARIOS DEL MERCOSUR,1,Masculino
6860,POLíTICA OBRERA,A UNIDAD OBRERA,PARLAMENTARIOS DEL MERCOSUR,1,Masculino
6898,PRINCIPIOS Y VALORES,"1A TIERRA, TECHO Y TRABAJO",PARLAMENTARIOS DEL MERCOSUR,1,Masculino
6927,PRINCIPIOS Y VALORES,2B TRANSFORMAR,PARLAMENTARIOS DEL MERCOSUR,1,Femenino
6956,PROYECTO JOVEN,COALICION PAZ DEMOCRACIA,PARLAMENTARIOS DEL MERCOSUR,1,Femenino
6992,PROYECTO JOVEN,NUEVA DEMOCRACIA,PARLAMENTARIOS DEL MERCOSUR,1,Femenino
7028,PROYECTO JOVEN,TODEX,PARLAMENTARIOS DEL MERCOSUR,1,Masculino
7066,UNION POR LA PATRIA,CELESTE Y BLANCA,PARLAMENTARIOS DEL MERCOSUR,1,Femenino
7104,FRENTE DE IZQUIERDA Y DE TRABAJADORES-UNIDAD,A UNIR Y FORTALECER LA IZQUIERDA,PARLAMENTARIOS DEL MERCOSUR,1,Masculino
7142,FRENTE DE IZQUIERDA Y DE TRABAJADORES-UNIDAD,B UNIDAD DE LUCHADORES Y LA IZQUIERDA,PARLAMENTARIOS DEL MERCOSUR,1,Masculino
7180,FRENTE PATRIOTA FEDERAL,PRIMERO LA PATRIA,PARLAMENTARIOS DEL MERCOSUR,1,Masculino
7216,HACEMOS POR NUESTRO PAIS,HACEMOS,PARLAMENTARIOS DEL MERCOSUR,1,Masculino
7252,JUNTOS POR EL CAMBIO,LISTA A EL CAMBIO DE NUESTRAS VIDAS,PARLAMENTARIOS DEL MERCOSUR,1,Femenino
7285,JUNTOS POR EL CAMBIO,LISTA B LA FUERZA DEL CAMBIO,PARLAMENTARIOS DEL MERCOSUR,1,Masculino
7323,LA LIBERTAD AVANZA,LIBERTAD POR SIEMPRE,PARLAMENTARIOS DEL MERCOSUR,1,Masculino
7361,LIBER.AR,A DEMOS,PARLAMENTARIOS DEL MERCOSUR,1,Masculino
7397,LIBER.AR,LISTA C ANTICORRUPCION,PARLAMENTARIOS DEL MERCOSUR,1,Masculino
7433,MOVIMIENTO AL SOCIALISMO,IZQUIERDA ANTICAPITALISTA,PARLAMENTARIOS DEL MERCOSUR,1,Masculino
7470,MOVIMIENTO DE ACCION VECINAL,LISTA  A  COMPROMISO VECINAL,PARLAMENTARIOS DEL MERCOSUR,1,Masculino
7508,MOVIMIENTO IZQUIERDA JUVENTUD DIGNIDAD,LISTA A DIGNIDAD,PARLAMENTARIOS DEL MERCOSUR,1,Femenino
7546,MOVIMIENTO IZQUIERDA JUVENTUD DIGNIDAD,LISTA B CONFEDERAL,PARLAMENTARIOS DEL MERCOSUR,1,Masculino
7583,MOVIMIENTO LIBRES DEL SUR,AZUL Y ROJO,PARLAMENTARIOS DEL MERCOSUR,1,Masculino
7621,POLíTICA OBRERA,A UNIDAD OBRERA,PARLAMENTARIOS DEL MERCOSUR,1,Masculino
7659,PRINCIPIOS Y VALORES,"1A TIERRA, TECHO Y TRABAJO",PARLAMENTARIOS DEL MERCOSUR,1,Masculino
7688,PRINCIPIOS Y VALORES,2B TRANSFORMAR,PARLAMENTARIOS DEL MERCOSUR,1,Femenino
7717,PROYECTO JOVEN,COALICION PAZ DEMOCRACIA,PARLAMENTARIOS DEL MERCOSUR,1,Femenino
7753,PROYECTO JOVEN,NUEVA DEMOCRACIA,PARLAMENTARIOS DEL MERCOSUR,1,Femenino
7789,PROYECTO JOVEN,TODEX,PARLAMENTARIOS DEL MERCOSUR,1,Masculino
7827,UNION POR LA PATRIA,CELESTE Y BLANCA,PARLAMENTARIOS DEL MERCOSUR,1,Femenino
7865,FRENTE DE IZQUIERDA Y DE TRABAJADORES-UNIDAD,A UNIR Y FORTALECER LA IZQUIERDA,PARLAMENTARIOS DEL MERCOSUR,1,Masculino
7903,FRENTE DE IZQUIERDA Y DE TRABAJADORES-UNIDAD,B UNIDAD DE LUCHADORES Y LA IZQUIERDA,PARLAMENTARIOS DEL MERCOSUR,1,Masculino
7941,FRENTE PATRIOTA FEDERAL,PRIMERO LA PATRIA,PARLAMENTARIOS DEL MERCOSUR,1,Masculino
7977,HACEMOS POR NUESTRO PAIS,HACEMOS,PARLAMENTARIOS DEL MERCOSUR,1,Masculino
8013,JUNTOS POR EL CAMBIO,LISTA A EL CAMBIO DE NUESTRAS VIDAS,PARLAMENTARIOS DEL MERCOSUR,1,Femenino
8046,JUNTOS POR EL CAMBIO,LISTA B LA FUERZA DEL CAMBIO,PARLAMENTARIOS DEL MERCOSUR,1,Masculino
8084,LA LIBERTAD AVANZA,LIBERTAD POR SIEMPRE,PARLAMENTARIOS DEL MERCOSUR,1,Masculino
8122,LIBER.AR,LISTA C ANTICORRUPCION,PARLAMENTARIOS DEL MERCOSUR,1,Masculino
8158,MOVIMIENTO AL SOCIALISMO,IZQUIERDA ANTICAPITALISTA,PARLAMENTARIOS DEL MERCOSUR,1,Masculino
8195,MOVIMIENTO DE ACCION VECINAL,LISTA  A  COMPROMISO VECINAL,PARLAMENTARIOS DEL MERCOSUR,1,Masculino
8233,MOVIMIENTO IZQUIERDA JUVENTUD DIGNIDAD,LISTA A DIGNIDAD,PARLAMENTARIOS DEL MERCOSUR,1,Femenino
8271,MOVIMIENTO IZQUIERDA JUVENTUD DIGNIDAD,LISTA B CONFEDERAL,PARLAMENTARIOS DEL MERCOSUR,1,Masculino
8308,MOVIMIENTO LIBRES DEL SUR,AZUL Y ROJO,PARLAMENTARIOS DEL MERCOSUR,1,Masculino
8346,POLíTICA OBRERA,A UNIDAD OBRERA,PARLAMENTARIOS DEL MERCOSUR,1,Masculino
8384,PRINCIPIOS Y VALORES,"1A TIERRA, TECHO Y TRABAJO",PARLAMENTARIOS DEL MERCOSUR,1,Masculino
8413,UNION POR LA PATRIA,CELESTE Y BLANCA,PARLAMENTARIOS DEL MERCOSUR,1,Femenino
8451,FRENTE DE IZQUIERDA Y DE TRABAJADORES-UNIDAD,A UNIR Y FORTALECER LA IZQUIERDA,PARLAMENTARIOS DEL MERCOSUR,1,Masculino
8489,FRENTE DE IZQUIERDA Y DE TRABAJADORES-UNIDAD,B UNIDAD DE LUCHADORES Y LA IZQUIERDA,PARLAMENTARIOS DEL MERCOSUR,1,Masculino
8527,FRENTE PATRIOTA FEDERAL,PRIMERO LA PATRIA,PARLAMENTARIOS DEL MERCOSUR,1,Masculino
8563,HACEMOS POR NUESTRO PAIS,HACEMOS,PARLAMENTARIOS DEL MERCOSUR,1,Masculino
8599,JUNTOS POR EL CAMBIO,LISTA A EL CAMBIO DE NUESTRAS VIDAS,PARLAMENTARIOS DEL MERCOSUR,1,Femenino
8632,JUNTOS POR EL CAMBIO,LISTA B LA FUERZA DEL CAMBIO,PARLAMENTARIOS DEL MERCOSUR,1,Masculino
8670,LA LIBERTAD AVANZA,LIBERTAD POR SIEMPRE,PARLAMENTARIOS DEL MERCOSUR,1,Masculino
8708,LIBER.AR,A DEMOS,PARLAMENTARIOS DEL MERCOSUR,1,Masculino
8744,LIBER.AR,LISTA C ANTICORRUPCION,PARLAMENTARIOS DEL MERCOSUR,1,Masculino
8780,MOVIMIENTO AL SOCIALISMO,IZQUIERDA ANTICAPITALISTA,PARLAMENTARIOS DEL MERCOSUR,1,Masculino
8817,MOVIMIENTO DE ACCION VECINAL,LISTA  A  COMPROMISO VECINAL,PARLAMENTARIOS DEL MERCOSUR,1,Masculino
8855,MOVIMIENTO IZQUIERDA JUVENTUD DIGNIDAD,LISTA A DIGNIDAD,PARLAMENTARIOS DEL MERCOSUR,1,Femenino
8893,MOVIMIENTO IZQUIERDA JUVENTUD DIGNIDAD,LISTA B CONFEDERAL,PARLAMENTARIOS DEL MERCOSUR,1,Masculino
8930,MOVIMIENTO LIBRES DEL SUR,AZUL Y ROJO,PARLAMENTARIOS DEL MERCOSUR,1,Masculino
8968,POLíTICA OBRERA,A UNIDAD OBRERA,PARLAMENTARIOS DEL MERCOSUR,1,Masculino
9006,PRINCIPIOS Y VALORES,"1A TIERRA, TECHO Y TRABAJO",PARLAMENTARIOS DEL MERCOSUR,1,Masculino
9035,PRINCIPIOS Y VALORES,2B TRANSFORMAR,PARLAMENTARIOS DEL MERCOSUR,1,Femenino
9064,PROYECTO JOVEN,COALICION PAZ DEMOCRACIA,PARLAMENTARIOS DEL MERCOSUR,1,Femenino
9100,PROYECTO JOVEN,NUEVA DEMOCRACIA,PARLAMENTARIOS DEL MERCOSUR,1,Femenino
9136,PROYECTO JOVEN,TODEX,PARLAMENTARIOS DEL MERCOSUR,1,Masculino
9174,UNION POR LA PATRIA,CELESTE Y BLANCA,PARLAMENTARIOS DEL MERCOSUR,1,Femenino
9212,FRENTE DE IZQUIERDA Y DE TRABAJADORES-UNIDAD,A UNIR Y FORTALECER LA IZQUIERDA,PARLAMENTARIOS DEL MERCOSUR,1,Masculino
9250,FRENTE DE IZQUIERDA Y DE TRABAJADORES-UNIDAD,B UNIDAD DE LUCHADORES Y LA IZQUIERDA,PARLAMENTARIOS DEL MERCOSUR,1,Masculino
9288,FRENTE PATRIOTA FEDERAL,PRIMERO LA PATRIA,PARLAMENTARIOS DEL MERCOSUR,1,Masculino
9324,HACEMOS POR NUESTRO PAIS,HACEMOS,PARLAMENTARIOS DEL MERCOSUR,1,Masculino
9360,JUNTOS POR EL CAMBIO,LISTA A EL CAMBIO DE NUESTRAS VIDAS,PARLAMENTARIOS DEL MERCOSUR,1,Femenino
9393,JUNTOS POR EL CAMBIO,LISTA B LA FUERZA DEL CAMBIO,PARLAMENTARIOS DEL MERCOSUR,1,Masculino
9431,LA LIBERTAD AVANZA,LIBERTAD POR SIEMPRE,PARLAMENTARIOS DEL MERCOSUR,1,Masculino
9469,LIBER.AR,A DEMOS,PARLAMENTARIOS DEL MERCOSUR,1,Masculino
9505,LIBER.AR,LISTA C ANTICORRUPCION,PARLAMENTARIOS DEL MERCOSUR,1,Masculino
9541,MOVIMIENTO AL SOCIALISMO,IZQUIERDA ANTICAPITALISTA,PARLAMENTARIOS DEL MERCOSUR,1,Masculino
9578,MOVIMIENTO DE ACCION VECINAL,LISTA  A  COMPROMISO VECINAL,PARLAMENTARIOS DEL MERCOSUR,1,Masculino
9616,MOVIMIENTO IZQUIERDA JUVENTUD DIGNIDAD,LISTA A DIGNIDAD,PARLAMENTARIOS DEL MERCOSUR,1,Femenino
9654,MOVIMIENTO IZQUIERDA JUVENTUD DIGNIDAD,LISTA B CONFEDERAL,PARLAMENTARIOS DEL MERCOSUR,1,Masculino
9691,MOVIMIENTO LIBRES DEL SUR,AZUL Y ROJO,PARLAMENTARIOS DEL MERCOSUR,1,Masculino
9729,POLíTICA OBRERA,A UNIDAD OBRERA,PARLAMENTARIOS DEL MERCOSUR,1,Masculino
9767,PRINCIPIOS Y VALORES,"1A TIERRA, TECHO Y TRABAJO",PARLAMENTARIOS DEL MERCOSUR,1,Masculino
9796,PRINCIPIOS Y VALORES,2B TRANSFORMAR,PARLAMENTARIOS DEL MERCOSUR,1,Femenino
9825,PROYECTO JOVEN,COALICION PAZ DEMOCRACIA,PARLAMENTARIOS DEL MERCOSUR,1,Femenino
9861,PROYECTO JOVEN,NUEVA DEMOCRACIA,PARLAMENTARIOS DEL MERCOSUR,1,Femenino
9897,PROYECTO JOVEN,TODEX,PARLAMENTARIOS DEL MERCOSUR,1,Masculino
9935,UNION POR LA PATRIA,CELESTE Y BLANCA,PARLAMENTARIOS DEL MERCOSUR,1,Femenino
9973,FRENTE DE IZQUIERDA Y DE TRABAJADORES-UNIDAD,A UNIR Y FORTALECER LA IZQUIERDA,PARLAMENTARIOS DEL MERCOSUR,1,Masculino
10011,FRENTE DE IZQUIERDA Y DE TRABAJADORES-UNIDAD,B UNIDAD DE LUCHADORES Y LA IZQUIERDA,PARLAMENTARIOS DEL MERCOSUR,1,Masculino
10049,FRENTE PATRIOTA FEDERAL,PRIMERO LA PATRIA,PARLAMENTARIOS DEL MERCOSUR,1,Masculino
10085,HACEMOS POR NUESTRO PAIS,HACEMOS,PARLAMENTARIOS DEL MERCOSUR,1,Masculino
10121,JUNTOS POR EL CAMBIO,LISTA A EL CAMBIO DE NUESTRAS VIDAS,PARLAMENTARIOS DEL MERCOSUR,1,Femenino
10154,JUNTOS POR EL CAMBIO,LISTA B LA FUERZA DEL CAMBIO,PARLAMENTARIOS DEL MERCOSUR,1,Masculino
10192,LA LIBERTAD AVANZA,LIBERTAD POR SIEMPRE,PARLAMENTARIOS DEL MERCOSUR,1,Masculino
10230,LIBER.AR,A DEMOS,PARLAMENTARIOS DEL MERCOSUR,1,Masculino
10266,LIBER.AR,LISTA C ANTICORRUPCION,PARLAMENTARIOS DEL MERCOSUR,1,Masculino
10302,MOVIMIENTO AL SOCIALISMO,IZQUIERDA ANTICAPITALISTA,PARLAMENTARIOS DEL MERCOSUR,1,Masculino
10339,MOVIMIENTO DE ACCION VECINAL,LISTA  A  COMPROMISO VECINAL,PARLAMENTARIOS DEL MERCOSUR,1,Masculino
10377,MOVIMIENTO IZQUIERDA JUVENTUD DIGNIDAD,LISTA A DIGNIDAD,PARLAMENTARIOS DEL MERCOSUR,1,Femenino
10415,MOVIMIENTO IZQUIERDA JUVENTUD DIGNIDAD,LISTA B CONFEDERAL,PARLAMENTARIOS DEL MERCOSUR,1,Masculino
10452,MOVIMIENTO LIBRES DEL SUR,AZUL Y ROJO,PARLAMENTARIOS DEL MERCOSUR,1,Masculino
10490,POLíTICA OBRERA,A UNIDAD OBRERA,PARLAMENTARIOS DEL MERCOSUR,1,Masculino
10528,PRINCIPIOS Y VALORES,"1A TIERRA, TECHO Y TRABAJO",PARLAMENTARIOS DEL MERCOSUR,1,Masculino
10557,PRINCIPIOS Y VALORES,2B TRANSFORMAR,PARLAMENTARIOS DEL MERCOSUR,1,Femenino
10586,PROYECTO JOVEN,COALICION PAZ DEMOCRACIA,PARLAMENTARIOS DEL MERCOSUR,1,Femenino
10622,PROYECTO JOVEN,NUEVA DEMOCRACIA,PARLAMENTARIOS DEL MERCOSUR,1,Femenino
10658,PROYECTO JOVEN,TODEX,PARLAMENTARIOS DEL MERCOSUR,1,Masculino
10696,UNION POR LA PATRIA,CELESTE Y BLANCA,PARLAMENTARIOS DEL MERCOSUR,1,Femenino
10734,FRENTE DE IZQUIERDA Y DE TRABAJADORES-UNIDAD,A UNIR Y FORTALECER LA IZQUIERDA,PARLAMENTARIOS DEL MERCOSUR,1,Masculino
10772,FRENTE DE IZQUIERDA Y DE TRABAJADORES-UNIDAD,B UNIDAD DE LUCHADORES Y LA IZQUIERDA,PARLAMENTARIOS DEL MERCOSUR,1,Masculino
10810,FRENTE PATRIOTA FEDERAL,PRIMERO LA PATRIA,PARLAMENTARIOS DEL MERCOSUR,1,Masculino
10846,HACEMOS POR NUESTRO PAIS,HACEMOS,PARLAMENTARIOS DEL MERCOSUR,1,Masculino
10882,JUNTOS POR EL CAMBIO,LISTA A EL CAMBIO DE NUESTRAS VIDAS,PARLAMENTARIOS DEL MERCOSUR,1,Femenino
10915,JUNTOS POR EL CAMBIO,LISTA B LA FUERZA DEL CAMBIO,PARLAMENTARIOS DEL MERCOSUR,1,Masculino
10953,LA LIBERTAD AVANZA,LIBERTAD POR SIEMPRE,PARLAMENTARIOS DEL MERCOSUR,1,Masculino
10991,LIBER.AR,A DEMOS,PARLAMENTARIOS DEL MERCOSUR,1,Masculino
11027,LIBER.AR,LISTA C ANTICORRUPCION,PARLAMENTARIOS DEL MERCOSUR,1,Masculino
11063,MOVIMIENTO AL SOCIALISMO,IZQUIERDA ANTICAPITALISTA,PARLAMENTARIOS DEL MERCOSUR,1,Masculino
11100,MOVIMIENTO DE ACCION VECINAL,LISTA  A  COMPROMISO VECINAL,PARLAMENTARIOS DEL MERCOSUR,1,Masculino
11138,MOVIMIENTO IZQUIERDA JUVENTUD DIGNIDAD,LISTA A DIGNIDAD,PARLAMENTARIOS DEL MERCOSUR,1,Femenino
11176,MOVIMIENTO IZQUIERDA JUVENTUD DIGNIDAD,LISTA B CONFEDERAL,PARLAMENTARIOS DEL MERCOSUR,1,Masculino
11213,MOVIMIENTO LIBRES DEL SUR,AZUL Y ROJO,PARLAMENTARIOS DEL MERCOSUR,1,Masculino
11251,POLíTICA OBRERA,A UNIDAD OBRERA,PARLAMENTARIOS DEL MERCOSUR,1,Masculino
11289,PRINCIPIOS Y VALORES,"1A TIERRA, TECHO Y TRABAJO",PARLAMENTARIOS DEL MERCOSUR,1,Masculino
11318,PRINCIPIOS Y VALORES,2B TRANSFORMAR,PARLAMENTARIOS DEL MERCOSUR,1,Femenino
11347,PROYECTO JOVEN,COALICION PAZ DEMOCRACIA,PARLAMENTARIOS DEL MERCOSUR,1,Femenino
11383,PROYECTO JOVEN,NUEVA DEMOCRACIA,PARLAMENTARIOS DEL MERCOSUR,1,Femenino
11419,PROYECTO JOVEN,TODEX,PARLAMENTARIOS DEL MERCOSUR,1,Masculino
11457,UNION POR LA PATRIA,CELESTE Y BLANCA,PARLAMENTARIOS DEL MERCOSUR,1,Femenino
11495,FRENTE DE IZQUIERDA Y DE TRABAJADORES-UNIDAD,A UNIR Y FORTALECER LA IZQUIERDA,PARLAMENTARIOS DEL MERCOSUR,1,Masculino
11533,FRENTE DE IZQUIERDA Y DE TRABAJADORES-UNIDAD,B UNIDAD DE LUCHADORES Y LA IZQUIERDA,PARLAMENTARIOS DEL MERCOSUR,1,Masculino
11571,FRENTE PATRIOTA FEDERAL,PRIMERO LA PATRIA,PARLAMENTARIOS DEL MERCOSUR,1,Masculino
11607,HACEMOS POR NUESTRO PAIS,HACEMOS,PARLAMENTARIOS DEL MERCOSUR,1,Masculino
11643,JUNTOS POR EL CAMBIO,LISTA A EL CAMBIO DE NUESTRAS VIDAS,PARLAMENTARIOS DEL MERCOSUR,1,Femenino
11676,JUNTOS POR EL CAMBIO,LISTA B LA FUERZA DEL CAMBIO,PARLAMENTARIOS DEL MERCOSUR,1,Masculino
11714,LA LIBERTAD AVANZA,LIBERTAD POR SIEMPRE,PARLAMENTARIOS DEL MERCOSUR,1,Masculino
11752,LIBER.AR,A DEMOS,PARLAMENTARIOS DEL MERCOSUR,1,Masculino
11788,LIBER.AR,LISTA C ANTICORRUPCION,PARLAMENTARIOS DEL MERCOSUR,1,Masculino
11824,MOVIMIENTO AL SOCIALISMO,IZQUIERDA ANTICAPITALISTA,PARLAMENTARIOS DEL MERCOSUR,1,Masculino
11861,MOVIMIENTO DE ACCION VECINAL,LISTA  A  COMPROMISO VECINAL,PARLAMENTARIOS DEL MERCOSUR,1,Masculino
11899,MOVIMIENTO IZQUIERDA JUVENTUD DIGNIDAD,LISTA A DIGNIDAD,PARLAMENTARIOS DEL MERCOSUR,1,Femenino
11937,MOVIMIENTO IZQUIERDA JUVENTUD DIGNIDAD,LISTA B CONFEDERAL,PARLAMENTARIOS DEL MERCOSUR,1,Masculino
11974,MOVIMIENTO LIBRES DEL SUR,AZUL Y ROJO,PARLAMENTARIOS DEL MERCOSUR,1,Masculino
12012,POLíTICA OBRERA,A UNIDAD OBRERA,PARLAMENTARIOS DEL MERCOSUR,1,Masculino
12050,PRINCIPIOS Y VALORES,"1A TIERRA, TECHO Y TRABAJO",PARLAMENTARIOS DEL MERCOSUR,1,Masculino
12079,PRINCIPIOS Y VALORES,2B TRANSFORMAR,PARLAMENTARIOS DEL MERCOSUR,1,Femenino
12108,PROYECTO JOVEN,COALICION PAZ DEMOCRACIA,PARLAMENTARIOS DEL MERCOSUR,1,Femenino
12144,PROYECTO JOVEN,NUEVA DEMOCRACIA,PARLAMENTARIOS DEL MERCOSUR,1,Femenino
12180,PROYECTO JOVEN,TODEX,PARLAMENTARIOS DEL MERCOSUR,1,Masculino
12218,UNION POR LA PATRIA,CELESTE Y BLANCA,PARLAMENTARIOS DEL MERCOSUR,1,Femenino
12256,FRENTE DE IZQUIERDA Y DE TRABAJADORES-UNIDAD,A UNIR Y FORTALECER LA IZQUIERDA,PARLAMENTARIOS DEL MERCOSUR,1,Masculino
12294,FRENTE DE IZQUIERDA Y DE TRABAJADORES-UNIDAD,B UNIDAD DE LUCHADORES Y LA IZQUIERDA,PARLAMENTARIOS DEL MERCOSUR,1,Masculino
12332,FRENTE PATRIOTA FEDERAL,PRIMERO LA PATRIA,PARLAMENTARIOS DEL MERCOSUR,1,Masculino
12368,HACEMOS POR NUESTRO PAIS,HACEMOS,PARLAMENTARIOS DEL MERCOSUR,1,Masculino
12404,JUNTOS POR EL CAMBIO,LISTA A EL CAMBIO DE NUESTRAS VIDAS,PARLAMENTARIOS DEL MERCOSUR,1,Femenino
12437,JUNTOS POR EL CAMBIO,LISTA B LA FUERZA DEL CAMBIO,PARLAMENTARIOS DEL MERCOSUR,1,Masculino
12475,LA LIBERTAD AVANZA,LIBERTAD POR SIEMPRE,PARLAMENTARIOS DEL MERCOSUR,1,Masculino
12513,LIBER.AR,A DEMOS,PARLAMENTARIOS DEL MERCOSUR,1,Masculino
12549,LIBER.AR,LISTA C ANTICORRUPCION,PARLAMENTARIOS DEL MERCOSUR,1,Masculino
12585,MOVIMIENTO AL SOCIALISMO,IZQUIERDA ANTICAPITALISTA,PARLAMENTARIOS DEL MERCOSUR,1,Masculino
12622,MOVIMIENTO DE ACCION VECINAL,LISTA  A  COMPROMISO VECINAL,PARLAMENTARIOS DEL MERCOSUR,1,Masculino
12660,MOVIMIENTO IZQUIERDA JUVENTUD DIGNIDAD,LISTA A DIGNIDAD,PARLAMENTARIOS DEL MERCOSUR,1,Femenino
12698,MOVIMIENTO IZQUIERDA JUVENTUD DIGNIDAD,LISTA B CONFEDERAL,PARLAMENTARIOS DEL MERCOSUR,1,Masculino
12735,MOVIMIENTO LIBRES DEL SUR,AZUL Y ROJO,PARLAMENTARIOS DEL MERCOSUR,1,Masculino
12773,POLíTICA OBRERA,A UNIDAD OBRERA,PARLAMENTARIOS DEL MERCOSUR,1,Masculino
12811,PRINCIPIOS Y VALORES,"1A TIERRA, TECHO Y TRABAJO",PARLAMENTARIOS DEL MERCOSUR,1,Masculino
12840,PRINCIPIOS Y VALORES,2B TRANSFORMAR,PARLAMENTARIOS DEL MERCOSUR,1,Femenino
12869,PROYECTO JOVEN,COALICION PAZ DEMOCRACIA,PARLAMENTARIOS DEL MERCOSUR,1,Femenino
12905,PROYECTO JOVEN,NUEVA DEMOCRACIA,PARLAMENTARIOS DEL MERCOSUR,1,Femenino
12941,PROYECTO JOVEN,TODEX,PARLAMENTARIOS DEL MERCOSUR,1,Masculino
12979,UNION POR LA PATRIA,CELESTE Y BLANCA,PARLAMENTARIOS DEL MERCOSUR,1,Femenino
13017,FRENTE DE IZQUIERDA Y DE TRABAJADORES-UNIDAD,A UNIR Y FORTALECER LA IZQUIERDA,PARLAMENTARIOS DEL MERCOSUR,1,Masculino
13055,FRENTE DE IZQUIERDA Y DE TRABAJADORES-UNIDAD,B UNIDAD DE LUCHADORES Y LA IZQUIERDA,PARLAMENTARIOS DEL MERCOSUR,1,Masculino
13093,FRENTE PATRIOTA FEDERAL,PRIMERO LA PATRIA,PARLAMENTARIOS DEL MERCOSUR,1,Masculino
13129,HACEMOS POR NUESTRO PAIS,HACEMOS,PARLAMENTARIOS DEL MERCOSUR,1,Masculino
13165,JUNTOS POR EL CAMBIO,LISTA A EL CAMBIO DE NUESTRAS VIDAS,PARLAMENTARIOS DEL MERCOSUR,1,Femenino
13198,JUNTOS POR EL CAMBIO,LISTA B LA FUERZA DEL CAMBIO,PARLAMENTARIOS DEL MERCOSUR,1,Masculino
13236,LA LIBERTAD AVANZA,LIBERTAD POR SIEMPRE,PARLAMENTARIOS DEL MERCOSUR,1,Masculino
13274,LIBER.AR,A DEMOS,PARLAMENTARIOS DEL MERCOSUR,1,Masculino
13310,LIBER.AR,LISTA C ANTICORRUPCION,PARLAMENTARIOS DEL MERCOSUR,1,Masculino
13346,MOVIMIENTO AL SOCIALISMO,IZQUIERDA ANTICAPITALISTA,PARLAMENTARIOS DEL MERCOSUR,1,Masculino
13383,MOVIMIENTO DE ACCION VECINAL,LISTA  A  COMPROMISO VECINAL,PARLAMENTARIOS DEL MERCOSUR,1,Masculino
13421,MOVIMIENTO IZQUIERDA JUVENTUD DIGNIDAD,LISTA A DIGNIDAD,PARLAMENTARIOS DEL MERCOSUR,1,Femenino
13459,MOVIMIENTO IZQUIERDA JUVENTUD DIGNIDAD,LISTA B CONFEDERAL,PARLAMENTARIOS DEL MERCOSUR,1,Masculino
13496,MOVIMIENTO LIBRES DEL SUR,AZUL Y ROJO,PARLAMENTARIOS DEL MERCOSUR,1,Masculino
13534,POLíTICA OBRERA,A UNIDAD OBRERA,PARLAMENTARIOS DEL MERCOSUR,1,Masculino
13572,PRINCIPIOS Y VALORES,"1A TIERRA, TECHO Y TRABAJO",PARLAMENTARIOS DEL MERCOSUR,1,Masculino
13601,PRINCIPIOS Y VALORES,2B TRANSFORMAR,PARLAMENTARIOS DEL MERCOSUR,1,Femenino
13630,PROYECTO JOVEN,COALICION PAZ DEMOCRACIA,PARLAMENTARIOS DEL MERCOSUR,1,Femenino
13666,PROYECTO JOVEN,NUEVA DEMOCRACIA,PARLAMENTARIOS DEL MERCOSUR,1,Femenino
13702,PROYECTO JOVEN,TODEX,PARLAMENTARIOS DEL MERCOSUR,1,Masculino
13740,UNION POR LA PATRIA,CELESTE Y BLANCA,PARLAMENTARIOS DEL MERCOSUR,1,Femenino
13778,FRENTE DE IZQUIERDA Y DE TRABAJADORES-UNIDAD,A UNIR Y FORTALECER LA IZQUIERDA,PARLAMENTARIOS DEL MERCOSUR,1,Masculino
13816,FRENTE DE IZQUIERDA Y DE TRABAJADORES-UNIDAD,B UNIDAD DE LUCHADORES Y LA IZQUIERDA,PARLAMENTARIOS DEL MERCOSUR,1,Masculino
13854,FRENTE PATRIOTA FEDERAL,PRIMERO LA PATRIA,PARLAMENTARIOS DEL MERCOSUR,1,Masculino
13890,HACEMOS POR NUESTRO PAIS,HACEMOS,PARLAMENTARIOS DEL MERCOSUR,1,Masculino
13926,JUNTOS POR EL CAMBIO,LISTA A EL CAMBIO DE NUESTRAS VIDAS,PARLAMENTARIOS DEL MERCOSUR,1,Femenino
13959,JUNTOS POR EL CAMBIO,LISTA B LA FUERZA DEL CAMBIO,PARLAMENTARIOS DEL MERCOSUR,1,Masculino
13997,LA LIBERTAD AVANZA,LIBERTAD POR SIEMPRE,PARLAMENTARIOS DEL MERCOSUR,1,Masculino
14035,LIBER.AR,A DEMOS,PARLAMENTARIOS DEL MERCOSUR,1,Masculino
14071,LIBER.AR,LISTA C ANTICORRUPCION,PARLAMENTARIOS DEL MERCOSUR,1,Masculino
14107,MOVIMIENTO AL SOCIALISMO,IZQUIERDA ANTICAPITALISTA,PARLAMENTARIOS DEL MERCOSUR,1,Masculino
14144,MOVIMIENTO DE ACCION VECINAL,LISTA  A  COMPROMISO VECINAL,PARLAMENTARIOS DEL MERCOSUR,1,Masculino
14182,MOVIMIENTO IZQUIERDA JUVENTUD DIGNIDAD,LISTA A DIGNIDAD,PARLAMENTARIOS DEL MERCOSUR,1,Femenino
14220,MOVIMIENTO IZQUIERDA JUVENTUD DIGNIDAD,LISTA B CONFEDERAL,PARLAMENTARIOS DEL MERCOSUR,1,Masculino
14257,MOVIMIENTO LIBRES DEL SUR,AZUL Y ROJO,PARLAMENTARIOS DEL MERCOSUR,1,Masculino
14295,POLíTICA OBRERA,A UNIDAD OBRERA,PARLAMENTARIOS DEL MERCOSUR,1,Masculino
14333,PRINCIPIOS Y VALORES,"1A TIERRA, TECHO Y TRABAJO",PARLAMENTARIOS DEL MERCOSUR,1,Masculino
14362,PRINCIPIOS Y VALORES,2B TRANSFORMAR,PARLAMENTARIOS DEL MERCOSUR,1,Femenino
14391,PROYECTO JOVEN,COALICION PAZ DEMOCRACIA,PARLAMENTARIOS DEL MERCOSUR,1,Femenino
14427,PROYECTO JOVEN,NUEVA DEMOCRACIA,PARLAMENTARIOS DEL MERCOSUR,1,Femenino
14463,PROYECTO JOVEN,TODEX,PARLAMENTARIOS DEL MERCOSUR,1,Masculino
14501,UNION POR LA PATRIA,CELESTE Y BLANCA,PARLAMENTARIOS DEL MERCOSUR,1,Femenino
14539,FRENTE DE IZQUIERDA Y DE TRABAJADORES-UNIDAD,A UNIR Y FORTALECER LA IZQUIERDA,PARLAMENTARIOS DEL MERCOSUR,1,Masculino
14577,FRENTE DE IZQUIERDA Y DE TRABAJADORES-UNIDAD,B UNIDAD DE LUCHADORES Y LA IZQUIERDA,PARLAMENTARIOS DEL MERCOSUR,1,Masculino
14615,FRENTE PATRIOTA FEDERAL,PRIMERO LA PATRIA,PARLAMENTARIOS DEL MERCOSUR,1,Masculino
14651,HACEMOS POR NUESTRO PAIS,HACEMOS,PARLAMENTARIOS DEL MERCOSUR,1,Masculino
14687,JUNTOS POR EL CAMBIO,LISTA A EL CAMBIO DE NUESTRAS VIDAS,PARLAMENTARIOS DEL MERCOSUR,1,Femenino
14720,JUNTOS POR EL CAMBIO,LISTA B LA FUERZA DEL CAMBIO,PARLAMENTARIOS DEL MERCOSUR,1,Masculino
14758,LA LIBERTAD AVANZA,LIBERTAD POR SIEMPRE,PARLAMENTARIOS DEL MERCOSUR,1,Masculino
14796,LIBER.AR,A DEMOS,PARLAMENTARIOS DEL MERCOSUR,1,Masculino
14832,LIBER.AR,LISTA C ANTICORRUPCION,PARLAMENTARIOS DEL MERCOSUR,1,Masculino
14868,MOVIMIENTO AL SOCIALISMO,IZQUIERDA ANTICAPITALISTA,PARLAMENTARIOS DEL MERCOSUR,1,Masculino
14905,MOVIMIENTO DE ACCION VECINAL,LISTA  A  COMPROMISO VECINAL,PARLAMENTARIOS DEL MERCOSUR,1,Masculino
14943,MOVIMIENTO IZQUIERDA JUVENTUD DIGNIDAD,LISTA A DIGNIDAD,PARLAMENTARIOS DEL MERCOSUR,1,Femenino
14981,MOVIMIENTO IZQUIERDA JUVENTUD DIGNIDAD,LISTA B CONFEDERAL,PARLAMENTARIOS DEL MERCOSUR,1,Masculino
15018,MOVIMIENTO LIBRES DEL SUR,AZUL Y ROJO,PARLAMENTARIOS DEL MERCOSUR,1,Masculino
15056,POLíTICA OBRERA,A UNIDAD OBRERA,PARLAMENTARIOS DEL MERCOSUR,1,Masculino
15094,PRINCIPIOS Y VALORES,"1A TIERRA, TECHO Y TRABAJO",PARLAMENTARIOS DEL MERCOSUR,1,Masculino
15123,PRINCIPIOS Y VALORES,2B TRANSFORMAR,PARLAMENTARIOS DEL MERCOSUR,1,Femenino
15152,PROYECTO JOVEN,COALICION PAZ DEMOCRACIA,PARLAMENTARIOS DEL MERCOSUR,1,Femenino
15188,PROYECTO JOVEN,NUEVA DEMOCRACIA,PARLAMENTARIOS DEL MERCOSUR,1,Femenino
15224,PROYECTO JOVEN,TODEX,PARLAMENTARIOS DEL MERCOSUR,1,Masculino
15262,UNION POR LA PATRIA,CELESTE Y BLANCA,PARLAMENTARIOS DEL MERCOSUR,1,Femenino
15300,FRENTE DE IZQUIERDA Y DE TRABAJADORES-UNIDAD,A UNIR Y FORTALECER LA IZQUIERDA,PARLAMENTARIOS DEL MERCOSUR,1,Masculino
15338,FRENTE DE IZQUIERDA Y DE TRABAJADORES-UNIDAD,B UNIDAD DE LUCHADORES Y LA IZQUIERDA,PARLAMENTARIOS DEL MERCOSUR,1,Masculino
15376,FRENTE PATRIOTA FEDERAL,PRIMERO LA PATRIA,PARLAMENTARIOS DEL MERCOSUR,1,Masculino
15412,HACEMOS POR NUESTRO PAIS,HACEMOS,PARLAMENTARIOS DEL MERCOSUR,1,Masculino
15448,JUNTOS POR EL CAMBIO,LISTA A EL CAMBIO DE NUESTRAS VIDAS,PARLAMENTARIOS DEL MERCOSUR,1,Femenino
15481,JUNTOS POR EL CAMBIO,LISTA B LA FUERZA DEL CAMBIO,PARLAMENTARIOS DEL MERCOSUR,1,Masculino
15519,LA LIBERTAD AVANZA,LIBERTAD POR SIEMPRE,PARLAMENTARIOS DEL MERCOSUR,1,Masculino
15557,MOVIMIENTO AL SOCIALISMO,IZQUIERDA ANTICAPITALISTA,PARLAMENTARIOS DEL MERCOSUR,1,Masculino
15594,MOVIMIENTO DE ACCION VECINAL,LISTA  A  COMPROMISO VECINAL,PARLAMENTARIOS DEL MERCOSUR,1,Masculino
15632,MOVIMIENTO IZQUIERDA JUVENTUD DIGNIDAD,LISTA B CONFEDERAL,PARLAMENTARIOS DEL MERCOSUR,1,Masculino
15669,MOVIMIENTO LIBRES DEL SUR,AZUL Y ROJO,PARLAMENTARIOS DEL MERCOSUR,1,Masculino
15707,POLíTICA OBRERA,A UNIDAD OBRERA,PARLAMENTARIOS DEL MERCOSUR,1,Masculino
15745,PRINCIPIOS Y VALORES,"1A TIERRA, TECHO Y TRABAJO",PARLAMENTARIOS DEL MERCOSUR,1,Masculino
15774,UNION POR LA PATRIA,CELESTE Y BLANCA,PARLAMENTARIOS DEL MERCOSUR,1,Femenino
15812,FRENTE DE IZQUIERDA Y DE TRABAJADORES-UNIDAD,A UNIR Y FORTALECER LA IZQUIERDA,PARLAMENTARIOS DEL MERCOSUR,1,Masculino
15850,FRENTE DE IZQUIERDA Y DE TRABAJADORES-UNIDAD,B UNIDAD DE LUCHADORES Y LA IZQUIERDA,PARLAMENTARIOS DEL MERCOSUR,1,Masculino
15888,FRENTE PATRIOTA FEDERAL,PRIMERO LA PATRIA,PARLAMENTARIOS DEL MERCOSUR,1,Masculino
15924,HACEMOS POR NUESTRO PAIS,HACEMOS,PARLAMENTARIOS DEL MERCOSUR,1,Masculino
15960,JUNTOS POR EL CAMBIO,LISTA A EL CAMBIO DE NUESTRAS VIDAS,PARLAMENTARIOS DEL MERCOSUR,1,Femenino
15993,JUNTOS POR EL CAMBIO,LISTA B LA FUERZA DEL CAMBIO,PARLAMENTARIOS DEL MERCOSUR,1,Masculino
16031,LA LIBERTAD AVANZA,LIBERTAD POR SIEMPRE,PARLAMENTARIOS DEL MERCOSUR,1,Masculino
16069,LIBER.AR,A DEMOS,PARLAMENTARIOS DEL MERCOSUR,1,Masculino
16105,LIBER.AR,LISTA C ANTICORRUPCION,PARLAMENTARIOS DEL MERCOSUR,1,Masculino
16141,MOVIMIENTO AL SOCIALISMO,IZQUIERDA ANTICAPITALISTA,PARLAMENTARIOS DEL MERCOSUR,1,Masculino
16178,MOVIMIENTO DE ACCION VECINAL,LISTA  A  COMPROMISO VECINAL,PARLAMENTARIOS DEL MERCOSUR,1,Masculino
16216,MOVIMIENTO IZQUIERDA JUVENTUD DIGNIDAD,LISTA A DIGNIDAD,PARLAMENTARIOS DEL MERCOSUR,1,Femenino
16254,MOVIMIENTO IZQUIERDA JUVENTUD DIGNIDAD,LISTA B CONFEDERAL,PARLAMENTARIOS DEL MERCOSUR,1,Masculino
16291,MOVIMIENTO LIBRES DEL SUR,AZUL Y ROJO,PARLAMENTARIOS DEL MERCOSUR,1,Masculino
16329,POLíTICA OBRERA,A UNIDAD OBRERA,PARLAMENTARIOS DEL MERCOSUR,1,Masculino
16367,PRINCIPIOS Y VALORES,"1A TIERRA, TECHO Y TRABAJO",PARLAMENTARIOS DEL MERCOSUR,1,Masculino
16396,PRINCIPIOS Y VALORES,2B TRANSFORMAR,PARLAMENTARIOS DEL MERCOSUR,1,Femenino
16425,PROYECTO JOVEN,COALICION PAZ DEMOCRACIA,PARLAMENTARIOS DEL MERCOSUR,1,Femenino
16461,PROYECTO JOVEN,NUEVA DEMOCRACIA,PARLAMENTARIOS DEL MERCOSUR,1,Femenino
16497,PROYECTO JOVEN,TODEX,PARLAMENTARIOS DEL MERCOSUR,1,Masculino
16535,UNION POR LA PATRIA,CELESTE Y BLANCA,PARLAMENTARIOS DEL MERCOSUR,1,Femenino
16573,FRENTE DE IZQUIERDA Y DE TRABAJADORES-UNIDAD,A UNIR Y FORTALECER LA IZQUIERDA,PARLAMENTARIOS DEL MERCOSUR,1,Masculino
16611,FRENTE DE IZQUIERDA Y DE TRABAJADORES-UNIDAD,B UNIDAD DE LUCHADORES Y LA IZQUIERDA,PARLAMENTARIOS DEL MERCOSUR,1,Masculino
16649,FRENTE PATRIOTA FEDERAL,PRIMERO LA PATRIA,PARLAMENTARIOS DEL MERCOSUR,1,Masculino
16685,HACEMOS POR NUESTRO PAIS,HACEMOS,PARLAMENTARIOS DEL MERCOSUR,1,Masculino
16721,JUNTOS POR EL CAMBIO,LISTA A EL CAMBIO DE NUESTRAS VIDAS,PARLAMENTARIOS DEL MERCOSUR,1,Femenino
16754,JUNTOS POR EL CAMBIO,LISTA B LA FUERZA DEL CAMBIO,PARLAMENTARIOS DEL MERCOSUR,1,Masculino
16792,LA LIBERTAD AVANZA,LIBERTAD POR SIEMPRE,PARLAMENTARIOS DEL MERCOSUR,1,Masculino
16830,LIBER.AR,A DEMOS,PARLAMENTARIOS DEL MERCOSUR,1,Masculino
16866,LIBER.AR,LISTA C ANTICORRUPCION,PARLAMENTARIOS DEL MERCOSUR,1,Masculino
16902,MOVIMIENTO AL SOCIALISMO,IZQUIERDA ANTICAPITALISTA,PARLAMENTARIOS DEL MERCOSUR,1,Masculino
16939,MOVIMIENTO DE ACCION VECINAL,LISTA  A  COMPROMISO VECINAL,PARLAMENTARIOS DEL MERCOSUR,1,Masculino
16977,MOVIMIENTO IZQUIERDA JUVENTUD DIGNIDAD,LISTA A DIGNIDAD,PARLAMENTARIOS DEL MERCOSUR,1,Femenino
17015,MOVIMIENTO IZQUIERDA JUVENTUD DIGNIDAD,LISTA B CONFEDERAL,PARLAMENTARIOS DEL MERCOSUR,1,Masculino
17052,MOVIMIENTO LIBRES DEL SUR,AZUL Y ROJO,PARLAMENTARIOS DEL MERCOSUR,1,Masculino
17090,POLíTICA OBRERA,A UNIDAD OBRERA,PARLAMENTARIOS DEL MERCOSUR,1,Masculino
17128,PRINCIPIOS Y VALORES,"1A TIERRA, TECHO Y TRABAJO",PARLAMENTARIOS DEL MERCOSUR,1,Masculino
17157,PRINCIPIOS Y VALORES,2B TRANSFORMAR,PARLAMENTARIOS DEL MERCOSUR,1,Femenino
17186,PROYECTO JOVEN,COALICION PAZ DEMOCRACIA,PARLAMENTARIOS DEL MERCOSUR,1,Femenino
17222,PROYECTO JOVEN,NUEVA DEMOCRACIA,PARLAMENTARIOS DEL MERCOSUR,1,Femenino
17258,PROYECTO JOVEN,TODEX,PARLAMENTARIOS DEL MERCOSUR,1,Masculino
17296,UNION POR LA PATRIA,CELESTE Y BLANCA,PARLAMENTARIOS DEL MERCOSUR,1,Femenino
17334,FRENTE DE IZQUIERDA Y DE TRABAJADORES-UNIDAD,A UNIR Y FORTALECER LA IZQUIERDA,PARLAMENTARIOS DEL MERCOSUR,1,Masculino
17372,FRENTE DE IZQUIERDA Y DE TRABAJADORES-UNIDAD,B UNIDAD DE LUCHADORES Y LA IZQUIERDA,PARLAMENTARIOS DEL MERCOSUR,1,Masculino
17410,FRENTE PATRIOTA FEDERAL,PRIMERO LA PATRIA,PARLAMENTARIOS DEL MERCOSUR,1,Masculino
17446,HACEMOS POR NUESTRO PAIS,HACEMOS,PARLAMENTARIOS DEL MERCOSUR,1,Masculino
17482,JUNTOS POR EL CAMBIO,LISTA A EL CAMBIO DE NUESTRAS VIDAS,PARLAMENTARIOS DEL MERCOSUR,1,Femenino
17515,JUNTOS POR EL CAMBIO,LISTA B LA FUERZA DEL CAMBIO,PARLAMENTARIOS DEL MERCOSUR,1,Masculino
17553,LA LIBERTAD AVANZA,LIBERTAD POR SIEMPRE,PARLAMENTARIOS DEL MERCOSUR,1,Masculino
17591,LIBER.AR,A DEMOS,PARLAMENTARIOS DEL MERCOSUR,1,Masculino
17627,LIBER.AR,LISTA C ANTICORRUPCION,PARLAMENTARIOS DEL MERCOSUR,1,Masculino
17663,MOVIMIENTO AL SOCIALISMO,IZQUIERDA ANTICAPITALISTA,PARLAMENTARIOS DEL MERCOSUR,1,Masculino
17700,MOVIMIENTO DE ACCION VECINAL,LISTA  A  COMPROMISO VECINAL,PARLAMENTARIOS DEL MERCOSUR,1,Masculino
17738,MOVIMIENTO IZQUIERDA JUVENTUD DIGNIDAD,LISTA A DIGNIDAD,PARLAMENTARIOS DEL MERCOSUR,1,Femenino
17776,MOVIMIENTO IZQUIERDA JUVENTUD DIGNIDAD,LISTA B CONFEDERAL,PARLAMENTARIOS DEL MERCOSUR,1,Masculino
17813,MOVIMIENTO LIBRES DEL SUR,AZUL Y ROJO,PARLAMENTARIOS DEL MERCOSUR,1,Masculino
17851,POLíTICA OBRERA,A UNIDAD OBRERA,PARLAMENTARIOS DEL MERCOSUR,1,Masculino
17889,PRINCIPIOS Y VALORES,"1A TIERRA, TECHO Y TRABAJO",PARLAMENTARIOS DEL MERCOSUR,1,Masculino
17918,PRINCIPIOS Y VALORES,2B TRANSFORMAR,PARLAMENTARIOS DEL MERCOSUR,1,Femenino
17947,PROYECTO JOVEN,COALICION PAZ DEMOCRACIA,PARLAMENTARIOS DEL MERCOSUR,1,Femenino
17983,PROYECTO JOVEN,NUEVA DEMOCRACIA,PARLAMENTARIOS DEL MERCOSUR,1,Femenino
18019,PROYECTO JOVEN,TODEX,PARLAMENTARIOS DEL MERCOSUR,1,Masculino
18057,UNION POR LA PATRIA,CELESTE Y BLANCA,PARLAMENTARIOS DEL MERCOSUR,1,Femenino
18095,FRENTE DE IZQUIERDA Y DE TRABAJADORES-UNIDAD,A UNIR Y FORTALECER LA IZQUIERDA,PARLAMENTARIOS DEL MERCOSUR,1,Masculino
18133,FRENTE DE IZQUIERDA Y DE TRABAJADORES-UNIDAD,B UNIDAD DE LUCHADORES Y LA IZQUIERDA,PARLAMENTARIOS DEL MERCOSUR,1,Masculino
18171,FRENTE PATRIOTA FEDERAL,PRIMERO LA PATRIA,PARLAMENTARIOS DEL MERCOSUR,1,Masculino
18207,HACEMOS POR NUESTRO PAIS,HACEMOS,PARLAMENTARIOS DEL MERCOSUR,1,Masculino
18243,JUNTOS POR EL CAMBIO,LISTA A EL CAMBIO DE NUESTRAS VIDAS,PARLAMENTARIOS DEL MERCOSUR,1,Femenino
18276,JUNTOS POR EL CAMBIO,LISTA B LA FUERZA DEL CAMBIO,PARLAMENTARIOS DEL MERCOSUR,1,Masculino
18314,LA LIBERTAD AVANZA,LIBERTAD POR SIEMPRE,PARLAMENTARIOS DEL MERCOSUR,1,Masculino
18352,LIBER.AR,A DEMOS,PARLAMENTARIOS DEL MERCOSUR,1,Masculino
18388,LIBER.AR,LISTA C ANTICORRUPCION,PARLAMENTARIOS DEL MERCOSUR,1,Masculino
18424,MOVIMIENTO AL SOCIALISMO,IZQUIERDA ANTICAPITALISTA,PARLAMENTARIOS DEL MERCOSUR,1,Masculino
18461,MOVIMIENTO DE ACCION VECINAL,LISTA  A  COMPROMISO VECINAL,PARLAMENTARIOS DEL MERCOSUR,1,Masculino
18499,MOVIMIENTO IZQUIERDA JUVENTUD DIGNIDAD,LISTA A DIGNIDAD,PARLAMENTARIOS DEL MERCOSUR,1,Femenino
18537,MOVIMIENTO IZQUIERDA JUVENTUD DIGNIDAD,LISTA B CONFEDERAL,PARLAMENTARIOS DEL MERCOSUR,1,Masculino
18574,MOVIMIENTO LIBRES DEL SUR,AZUL Y ROJO,PARLAMENTARIOS DEL MERCOSUR,1,Masculino
18612,POLíTICA OBRERA,A UNIDAD OBRERA,PARLAMENTARIOS DEL MERCOSUR,1,Masculino
18650,PRINCIPIOS Y VALORES,"1A TIERRA, TECHO Y TRABAJO",PARLAMENTARIOS DEL MERCOSUR,1,Masculino
18679,PRINCIPIOS Y VALORES,2B TRANSFORMAR,PARLAMENTARIOS DEL MERCOSUR,1,Femenino
18708,PROYECTO JOVEN,COALICION PAZ DEMOCRACIA,PARLAMENTARIOS DEL MERCOSUR,1,Femenino
18744,PROYECTO JOVEN,NUEVA DEMOCRACIA,PARLAMENTARIOS DEL MERCOSUR,1,Femenino
18780,PROYECTO JOVEN,TODEX,PARLAMENTARIOS DEL MERCOSUR,1,Masculino
18818,UNION POR LA PATRIA,CELESTE Y BLANCA,PARLAMENTARIOS DEL MERCOSUR,1,Femenino
18856,FRENTE DE IZQUIERDA Y DE TRABAJADORES-UNIDAD,A UNIR Y FORTALECER LA IZQUIERDA,PARLAMENTARIOS DEL MERCOSUR,1,Masculino
18894,FRENTE DE IZQUIERDA Y DE TRABAJADORES-UNIDAD,B UNIDAD DE LUCHADORES Y LA IZQUIERDA,PARLAMENTARIOS DEL MERCOSUR,1,Masculino
18932,FRENTE PATRIOTA FEDERAL,PRIMERO LA PATRIA,PARLAMENTARIOS DEL MERCOSUR,1,Masculino
18968,HACEMOS POR NUESTRO PAIS,HACEMOS,PARLAMENTARIOS DEL MERCOSUR,1,Masculino
19004,JUNTOS POR EL CAMBIO,LISTA A EL CAMBIO DE NUESTRAS VIDAS,PARLAMENTARIOS DEL MERCOSUR,1,Femenino
19037,JUNTOS POR EL CAMBIO,LISTA B LA FUERZA DEL CAMBIO,PARLAMENTARIOS DEL MERCOSUR,1,Masculino
19075,LA LIBERTAD AVANZA,LIBERTAD POR SIEMPRE,PARLAMENTARIOS DEL MERCOSUR,1,Masculino
19113,LIBER.AR,A DEMOS,PARLAMENTARIOS DEL MERCOSUR,1,Masculino
19149,LIBER.AR,LISTA C ANTICORRUPCION,PARLAMENTARIOS DEL MERCOSUR,1,Masculino
19185,MOVIMIENTO AL SOCIALISMO,IZQUIERDA ANTICAPITALISTA,PARLAMENTARIOS DEL MERCOSUR,1,Masculino
19222,MOVIMIENTO DE ACCION VECINAL,LISTA  A  COMPROMISO VECINAL,PARLAMENTARIOS DEL MERCOSUR,1,Masculino
19260,MOVIMIENTO IZQUIERDA JUVENTUD DIGNIDAD,LISTA A DIGNIDAD,PARLAMENTARIOS DEL MERCOSUR,1,Femenino
19298,MOVIMIENTO IZQUIERDA JUVENTUD DIGNIDAD,LISTA B CONFEDERAL,PARLAMENTARIOS DEL MERCOSUR,1,Masculino
19335,MOVIMIENTO LIBRES DEL SUR,AZUL Y ROJO,PARLAMENTARIOS DEL MERCOSUR,1,Masculino
19373,POLíTICA OBRERA,A UNIDAD OBRERA,PARLAMENTARIOS DEL MERCOSUR,1,Masculino
19411,PRINCIPIOS Y VALORES,"1A TIERRA, TECHO Y TRABAJO",PARLAMENTARIOS DEL MERCOSUR,1,Masculino
19440,PRINCIPIOS Y VALORES,2B TRANSFORMAR,PARLAMENTARIOS DEL MERCOSUR,1,Femenino
19469,PROYECTO JOVEN,COALICION PAZ DEMOCRACIA,PARLAMENTARIOS DEL MERCOSUR,1,Femenino
19505,PROYECTO JOVEN,NUEVA DEMOCRACIA,PARLAMENTARIOS DEL MERCOSUR,1,Femenino
19541,PROYECTO JOVEN,TODEX,PARLAMENTARIOS DEL MERCOSUR,1,Masculino
19579,UNION POR LA PATRIA,CELESTE Y BLANCA,PARLAMENTARIOS DEL MERCOSUR,1,Femenino
19617,FRENTE DE IZQUIERDA Y DE TRABAJADORES-UNIDAD,A UNIR Y FORTALECER LA IZQUIERDA,PARLAMENTARIOS DEL MERCOSUR,1,Masculino
19655,FRENTE DE IZQUIERDA Y DE TRABAJADORES-UNIDAD,B UNIDAD DE LUCHADORES Y LA IZQUIERDA,PARLAMENTARIOS DEL MERCOSUR,1,Masculino
19693,FRENTE PATRIOTA FEDERAL,PRIMERO LA PATRIA,PARLAMENTARIOS DEL MERCOSUR,1,Masculino
19729,HACEMOS POR NUESTRO PAIS,HACEMOS,PARLAMENTARIOS DEL MERCOSUR,1,Masculino
19765,JUNTOS POR EL CAMBIO,LISTA A EL CAMBIO DE NUESTRAS VIDAS,PARLAMENTARIOS DEL MERCOSUR,1,Femenino
19798,JUNTOS POR EL CAMBIO,LISTA B LA FUERZA DEL CAMBIO,PARLAMENTARIOS DEL MERCOSUR,1,Masculino
19836,LA LIBERTAD AVANZA,LIBERTAD POR SIEMPRE,PARLAMENTARIOS DEL MERCOSUR,1,Masculino
19874,LIBER.AR,A DEMOS,PARLAMENTARIOS DEL MERCOSUR,1,Masculino
19910,LIBER.AR,LISTA C ANTICORRUPCION,PARLAMENTARIOS DEL MERCOSUR,1,Masculino
19946,MOVIMIENTO AL SOCIALISMO,IZQUIERDA ANTICAPITALISTA,PARLAMENTARIOS DEL MERCOSUR,1,Masculino
19983,MOVIMIENTO DE ACCION VECINAL,LISTA  A  COMPROMISO VECINAL,PARLAMENTARIOS DEL MERCOSUR,1,Masculino
20021,MOVIMIENTO IZQUIERDA JUVENTUD DIGNIDAD,LISTA A DIGNIDAD,PARLAMENTARIOS DEL MERCOSUR,1,Femenino
20059,MOVIMIENTO IZQUIERDA JUVENTUD DIGNIDAD,LISTA B CONFEDERAL,PARLAMENTARIOS DEL MERCOSUR,1,Masculino
20096,MOVIMIENTO LIBRES DEL SUR,AZUL Y ROJO,PARLAMENTARIOS DEL MERCOSUR,1,Masculino
20134,POLíTICA OBRERA,A UNIDAD OBRERA,PARLAMENTARIOS DEL MERCOSUR,1,Masculino
20172,PRINCIPIOS Y VALORES,"1A TIERRA, TECHO Y TRABAJO",PARLAMENTARIOS DEL MERCOSUR,1,Masculino
20201,PRINCIPIOS Y VALORES,2B TRANSFORMAR,PARLAMENTARIOS DEL MERCOSUR,1,Femenino
20230,PROYECTO JOVEN,COALICION PAZ DEMOCRACIA,PARLAMENTARIOS DEL MERCOSUR,1,Femenino
20266,PROYECTO JOVEN,NUEVA DEMOCRACIA,PARLAMENTARIOS DEL MERCOSUR,1,Femenino
20302,PROYECTO JOVEN,TODEX,PARLAMENTARIOS DEL MERCOSUR,1,Masculino
20340,UNION POR LA PATRIA,CELESTE Y BLANCA,PARLAMENTARIOS DEL MERCOSUR,1,Femenino
20378,FRENTE DE IZQUIERDA Y DE TRABAJADORES-UNIDAD,A UNIR Y FORTALECER LA IZQUIERDA,PARLAMENTARIOS DEL MERCOSUR,1,Masculino
20416,FRENTE DE IZQUIERDA Y DE TRABAJADORES-UNIDAD,B UNIDAD DE LUCHADORES Y LA IZQUIERDA,PARLAMENTARIOS DEL MERCOSUR,1,Masculino
20454,FRENTE PATRIOTA FEDERAL,PRIMERO LA PATRIA,PARLAMENTARIOS DEL MERCOSUR,1,Masculino
20490,HACEMOS POR NUESTRO PAIS,HACEMOS,PARLAMENTARIOS DEL MERCOSUR,1,Masculino
20526,JUNTOS POR EL CAMBIO,LISTA A EL CAMBIO DE NUESTRAS VIDAS,PARLAMENTARIOS DEL MERCOSUR,1,Femenino
20559,JUNTOS POR EL CAMBIO,LISTA B LA FUERZA DEL CAMBIO,PARLAMENTARIOS DEL MERCOSUR,1,Masculino
20597,LA LIBERTAD AVANZA,LIBERTAD POR SIEMPRE,PARLAMENTARIOS DEL MERCOSUR,1,Masculino
20635,LIBER.AR,A DEMOS,PARLAMENTARIOS DEL MERCOSUR,1,Masculino
20671,LIBER.AR,LISTA C ANTICORRUPCION,PARLAMENTARIOS DEL MERCOSUR,1,Masculino
20707,MOVIMIENTO AL SOCIALISMO,IZQUIERDA ANTICAPITALISTA,PARLAMENTARIOS DEL MERCOSUR,1,Masculino
20744,MOVIMIENTO DE ACCION VECINAL,LISTA  A  COMPROMISO VECINAL,PARLAMENTARIOS DEL MERCOSUR,1,Masculino
20782,MOVIMIENTO IZQUIERDA JUVENTUD DIGNIDAD,LISTA A DIGNIDAD,PARLAMENTARIOS DEL MERCOSUR,1,Femenino
20820,MOVIMIENTO IZQUIERDA JUVENTUD DIGNIDAD,LISTA B CONFEDERAL,PARLAMENTARIOS DEL MERCOSUR,1,Masculino
20857,MOVIMIENTO LIBRES DEL SUR,AZUL Y ROJO,PARLAMENTARIOS DEL MERCOSUR,1,Masculino
20895,POLíTICA OBRERA,A UNIDAD OBRERA,PARLAMENTARIOS DEL MERCOSUR,1,Masculino
20933,PRINCIPIOS Y VALORES,"1A TIERRA, TECHO Y TRABAJO",PARLAMENTARIOS DEL MERCOSUR,1,Masculino
20962,PRINCIPIOS Y VALORES,2B TRANSFORMAR,PARLAMENTARIOS DEL MERCOSUR,1,Femenino
20991,PROYECTO JOVEN,COALICION PAZ DEMOCRACIA,PARLAMENTARIOS DEL MERCOSUR,1,Femenino
21027,PROYECTO JOVEN,NUEVA DEMOCRACIA,PARLAMENTARIOS DEL MERCOSUR,1,Femenino
21063,PROYECTO JOVEN,TODEX,PARLAMENTARIOS DEL MERCOSUR,1,Masculino
21101,UNION POR LA PATRIA,CELESTE Y BLANCA,PARLAMENTARIOS DEL MERCOSUR,1,Femenino
21139,FRENTE DE IZQUIERDA Y DE TRABAJADORES-UNIDAD,A UNIR Y FORTALECER LA IZQUIERDA,PARLAMENTARIOS DEL MERCOSUR,1,Masculino
21177,FRENTE DE IZQUIERDA Y DE TRABAJADORES-UNIDAD,B UNIDAD DE LUCHADORES Y LA IZQUIERDA,PARLAMENTARIOS DEL MERCOSUR,1,Masculino
21215,FRENTE PATRIOTA FEDERAL,PRIMERO LA PATRIA,PARLAMENTARIOS DEL MERCOSUR,1,Masculino
21251,HACEMOS POR NUESTRO PAIS,HACEMOS,PARLAMENTARIOS DEL MERCOSUR,1,Masculino
21287,JUNTOS POR EL CAMBIO,LISTA A EL CAMBIO DE NUESTRAS VIDAS,PARLAMENTARIOS DEL MERCOSUR,1,Femenino
21320,JUNTOS POR EL CAMBIO,LISTA B LA FUERZA DEL CAMBIO,PARLAMENTARIOS DEL MERCOSUR,1,Masculino
21358,LA LIBERTAD AVANZA,LIBERTAD POR SIEMPRE,PARLAMENTARIOS DEL MERCOSUR,1,Masculino
21396,LIBER.AR,A DEMOS,PARLAMENTARIOS DEL MERCOSUR,1,Masculino
21432,LIBER.AR,LISTA C ANTICORRUPCION,PARLAMENTARIOS DEL MERCOSUR,1,Masculino
21468,MOVIMIENTO AL SOCIALISMO,IZQUIERDA ANTICAPITALISTA,PARLAMENTARIOS DEL MERCOSUR,1,Masculino
21505,MOVIMIENTO DE ACCION VECINAL,LISTA  A  COMPROMISO VECINAL,PARLAMENTARIOS DEL MERCOSUR,1,Masculino
21543,MOVIMIENTO IZQUIERDA JUVENTUD DIGNIDAD,LISTA A DIGNIDAD,PARLAMENTARIOS DEL MERCOSUR,1,Femenino
21581,MOVIMIENTO IZQUIERDA JUVENTUD DIGNIDAD,LISTA B CONFEDERAL,PARLAMENTARIOS DEL MERCOSUR,1,Masculino
21618,MOVIMIENTO LIBRES DEL SUR,AZUL Y ROJO,PARLAMENTARIOS DEL MERCOSUR,1,Masculino
21656,POLíTICA OBRERA,A UNIDAD OBRERA,PARLAMENTARIOS DEL MERCOSUR,1,Masculino
21694,PRINCIPIOS Y VALORES,"1A TIERRA, TECHO Y TRABAJO",PARLAMENTARIOS DEL MERCOSUR,1,Masculino
21723,PRINCIPIOS Y VALORES,2B TRANSFORMAR,PARLAMENTARIOS DEL MERCOSUR,1,Femenino
21752,PROYECTO JOVEN,COALICION PAZ DEMOCRACIA,PARLAMENTARIOS DEL MERCOSUR,1,Femenino
21788,PROYECTO JOVEN,NUEVA DEMOCRACIA,PARLAMENTARIOS DEL MERCOSUR,1,Femenino
21824,PROYECTO JOVEN,TODEX,PARLAMENTARIOS DEL MERCOSUR,1,Masculino
21862,UNION POR LA PATRIA,CELESTE Y BLANCA,PARLAMENTARIOS DEL MERCOSUR,1,Femenino
21900,FRENTE DE IZQUIERDA Y DE TRABAJADORES-UNIDAD,A UNIR Y FORTALECER LA IZQUIERDA,PARLAMENTARIOS DEL MERCOSUR,1,Masculino
21938,FRENTE DE IZQUIERDA Y DE TRABAJADORES-UNIDAD,B UNIDAD DE LUCHADORES Y LA IZQUIERDA,PARLAMENTARIOS DEL MERCOSUR,1,Masculino
21976,FRENTE PATRIOTA FEDERAL,PRIMERO LA PATRIA,PARLAMENTARIOS DEL MERCOSUR,1,Masculino
22012,HACEMOS POR NUESTRO PAIS,HACEMOS,PARLAMENTARIOS DEL MERCOSUR,1,Masculino
22048,JUNTOS POR EL CAMBIO,LISTA A EL CAMBIO DE NUESTRAS VIDAS,PARLAMENTARIOS DEL MERCOSUR,1,Femenino
22081,JUNTOS POR EL CAMBIO,LISTA B LA FUERZA DEL CAMBIO,PARLAMENTARIOS DEL MERCOSUR,1,Masculino
22119,LA LIBERTAD AVANZA,LIBERTAD POR SIEMPRE,PARLAMENTARIOS DEL MERCOSUR,1,Masculino
22157,LIBER.AR,A DEMOS,PARLAMENTARIOS DEL MERCOSUR,1,Masculino
22193,LIBER.AR,LISTA C ANTICORRUPCION,PARLAMENTARIOS DEL MERCOSUR,1,Masculino
22229,MOVIMIENTO AL SOCIALISMO,IZQUIERDA ANTICAPITALISTA,PARLAMENTARIOS DEL MERCOSUR,1,Masculino
22266,MOVIMIENTO DE ACCION VECINAL,LISTA  A  COMPROMISO VECINAL,PARLAMENTARIOS DEL MERCOSUR,1,Masculino
22304,MOVIMIENTO IZQUIERDA JUVENTUD DIGNIDAD,LISTA A DIGNIDAD,PARLAMENTARIOS DEL MERCOSUR,1,Femenino
22342,MOVIMIENTO IZQUIERDA JUVENTUD DIGNIDAD,LISTA B CONFEDERAL,PARLAMENTARIOS DEL MERCOSUR,1,Masculino
22379,MOVIMIENTO LIBRES DEL SUR,AZUL Y ROJO,PARLAMENTARIOS DEL MERCOSUR,1,Masculino
22417,POLíTICA OBRERA,A UNIDAD OBRERA,PARLAMENTARIOS DEL MERCOSUR,1,Masculino
22455,PRINCIPIOS Y VALORES,"1A TIERRA, TECHO Y TRABAJO",PARLAMENTARIOS DEL MERCOSUR,1,Masculino
22484,PRINCIPIOS Y VALORES,2B TRANSFORMAR,PARLAMENTARIOS DEL MERCOSUR,1,Femenino
22513,PROYECTO JOVEN,COALICION PAZ DEMOCRACIA,PARLAMENTARIOS DEL MERCOSUR,1,Femenino
22549,PROYECTO JOVEN,NUEVA DEMOCRACIA,PARLAMENTARIOS DEL MERCOSUR,1,Femenino
22585,PROYECTO JOVEN,TODEX,PARLAMENTARIOS DEL MERCOSUR,1,Masculino
22623,UNION POR LA PATRIA,CELESTE Y BLANCA,PARLAMENTARIOS DEL MERCOSUR,1,Femenino
