Agrupación Política,Lista,Distrito,Cargo,Subcategoría Cargo,Posición,Precandidato,Género,Edad
BUENOS AIRES PRIMERO (BAP),LISTA UNICA,BUENOS AIRES,SENADORES NACIONALES,TITULARES,1,LUIS IGNACIO ASTORGA,M,39
BUENOS AIRES PRIMERO (BAP),LISTA UNICA,BUENOS AIRES,SENADORES NACIONALES,TITULARES,2,ANTONIA SOTELO,F,55
BUENOS AIRES PRIMERO (BAP),LISTA UNICA,BUENOS AIRES,SENADORES NACIONALES,SUPLENTES,1,GONZALO MARTIN ISASMENDI,M,32
CONFIANZA PUBLICA,VALORES EN ACCION,BUENOS AIRES,SENADORES NACIONALES,TITULARES,1,MARIA ANGELICA GALVEZ,F,59
CONFIANZA PUBLICA,VALORES EN ACCION,BUENOS AIRES,SENADORES NACIONALES,TITULARES,2,ALFREDO ANTONIO TOJO,M,67
CONFIANZA PUBLICA,VALORES EN ACCION,BUENOS AIRES,SENADORES NACIONALES,SUPLENTES,1,MAIRA GUADALUPE FERNANDEZ,F,36
CONFIANZA PUBLICA,VALORES EN ACCION,BUENOS AIRES,SENADORES NACIONALES,SUPLENTES,2,CRISTIAN MARIO BIASOLI,M,44
CONSTRUYENDO PORVENIR,CONSTRUYENDO FUTURO,BUENOS AIRES,SENADORES NACIONALES,TITULARES,1,HORACIO RAUL GHINAUDO,M,73
CONSTRUYENDO PORVENIR,CONSTRUYENDO FUTURO,BUENOS AIRES,SENADORES NACIONALES,TITULARES,2,MONICA ALEJANDRA CURIMA,F,46
CONSTRUYENDO PORVENIR,CONSTRUYENDO FUTURO,BUENOS AIRES,SENADORES NACIONALES,SUPLENTES,1,MARCOS MARTÍN BONABELLO,M,47
CORRIENTE DE PENSAMIENTO BONAERENSE,CORRIENTE DE PENSAMIENTO AUTENTICA,BUENOS AIRES,SENADORES NACIONALES,TITULARES,1,PATRICIA S GARDELLA,F,59
CORRIENTE DE PENSAMIENTO BONAERENSE,CORRIENTE DE PENSAMIENTO AUTENTICA,BUENOS AIRES,SENADORES NACIONALES,TITULARES,2,OSCAR ROBERTO PETTINATO,M,73
CORRIENTE DE PENSAMIENTO BONAERENSE,CORRIENTE DE PENSAMIENTO AUTENTICA,BUENOS AIRES,SENADORES NACIONALES,SUPLENTES,1,MARIANA LAURA QUIROGA,F,47
CORRIENTE DE PENSAMIENTO BONAERENSE,CORRIENTE DE PENSAMIENTO AUTENTICA,BUENOS AIRES,SENADORES NACIONALES,SUPLENTES,2,MIGUEL ALFREDO TOLOSA,M,64
FRENTE DE IZQUIERDA Y DE TRABAJADORES,A UNIR Y FORTALECER LA IZQUIERDA,BUENOS AIRES,SENADORES NACIONALES,TITULARES,1,GRACIELA BEATRIZ CALDERON,F,61
FRENTE DE IZQUIERDA Y DE TRABAJADORES,A UNIR Y FORTALECER LA IZQUIERDA,BUENOS AIRES,SENADORES NACIONALES,TITULARES,2,DARIO JAVIER HERMOSILLA,M,46
FRENTE DE IZQUIERDA Y DE TRABAJADORES,A UNIR Y FORTALECER LA IZQUIERDA,BUENOS AIRES,SENADORES NACIONALES,SUPLENTES,1,MARCELA ALEJANDRA ACOSTA,F,47
FRENTE DE IZQUIERDA Y DE TRABAJADORES,A UNIR Y FORTALECER LA IZQUIERDA,BUENOS AIRES,SENADORES NACIONALES,SUPLENTES,2,JORGE SANTIAGO BOBBIESI,M,47
FRENTE DE IZQUIERDA Y DE TRABAJADORES,B UNIDAD DE LUCHADORES Y LA IZQUIERDA,BUENOS AIRES,SENADORES NACIONALES,TITULARES,1,ROMINA DEL PLA,F,51
FRENTE DE IZQUIERDA Y DE TRABAJADORES,B UNIDAD DE LUCHADORES Y LA IZQUIERDA,BUENOS AIRES,SENADORES NACIONALES,TITULARES,2,NAHUEL  ORELLANA,M,33
FRENTE DE IZQUIERDA Y DE TRABAJADORES,B UNIDAD DE LUCHADORES Y LA IZQUIERDA,BUENOS AIRES,SENADORES NACIONALES,SUPLENTES,1,YAMILE ALMEIDA,F,50
FRENTE DE IZQUIERDA Y DE TRABAJADORES,B UNIDAD DE LUCHADORES Y LA IZQUIERDA,BUENOS AIRES,SENADORES NACIONALES,SUPLENTES,2,MIGUEL BRAVETTI,M,59
FRENTE FEDERAL DE ACCION SOLIDARIA DE LA PROVINCIA DE BUENOS AIRES,ACCION Y SOLIDARIDAD,BUENOS AIRES,SENADORES NACIONALES,TITULARES,1,SILVANA RAQUEL CILISQUI,F,44
FRENTE FEDERAL DE ACCION SOLIDARIA DE LA PROVINCIA DE BUENOS AIRES,ACCION Y SOLIDARIDAD,BUENOS AIRES,SENADORES NACIONALES,TITULARES,2,LUCAS NAHUEL SALAZAR,M,31
FRENTE FEDERAL DE ACCION SOLIDARIA DE LA PROVINCIA DE BUENOS AIRES,ACCION Y SOLIDARIDAD,BUENOS AIRES,SENADORES NACIONALES,SUPLENTES,1,CLAUDIA NATALIA BORDA,F,43
FRENTE FEDERAL DE ACCION SOLIDARIA DE LA PROVINCIA DE BUENOS AIRES,ACCION Y SOLIDARIDAD,BUENOS AIRES,SENADORES NACIONALES,SUPLENTES,2,CARLOS ALBERTO TERESIN MOLINA,M,38
FRENTE FEDERAL DE ACCION SOLIDARIA DE LA PROVINCIA DE BUENOS AIRES,SERVIR,BUENOS AIRES,SENADORES NACIONALES,TITULARES,1,ANDREA VANESA URREJOLA,F,36
FRENTE FEDERAL DE ACCION SOLIDARIA DE LA PROVINCIA DE BUENOS AIRES,SERVIR,BUENOS AIRES,SENADORES NACIONALES,TITULARES,2,DANIEL MIGUEL PALACIO,M,44
FRENTE FEDERAL DE ACCION SOLIDARIA DE LA PROVINCIA DE BUENOS AIRES,SERVIR,BUENOS AIRES,SENADORES NACIONALES,SUPLENTES,1,CELIA ESTHER ORUE,F,43
FRENTE FEDERAL DE ACCION SOLIDARIA DE LA PROVINCIA DE BUENOS AIRES,SERVIR,BUENOS AIRES,SENADORES NACIONALES,SUPLENTES,2,LUIS OSVALDO MALHEIRO,M,52
FRENTE FEDERAL DE ACCION SOLIDARIA DE LA PROVINCIA DE BUENOS AIRES,SOLIDARIOS,BUENOS AIRES,SENADORES NACIONALES,TITULARES,1,ARCELIA RAMIREZ,F,54
FRENTE FEDERAL DE ACCION SOLIDARIA DE LA PROVINCIA DE BUENOS AIRES,SOLIDARIOS,BUENOS AIRES,SENADORES NACIONALES,TITULARES,2,RICARDO LUCIANO PAEZ,M,57
FRENTE FEDERAL DE ACCION SOLIDARIA DE LA PROVINCIA DE BUENOS AIRES,SOLIDARIOS,BUENOS AIRES,SENADORES NACIONALES,SUPLENTES,1,MIRIAM ESTELA ROMERO,F,55
FRENTE FEDERAL DE ACCION SOLIDARIA DE LA PROVINCIA DE BUENOS AIRES,SOLIDARIOS,BUENOS AIRES,SENADORES NACIONALES,SUPLENTES,2,CARLOS ALBERTO DIARTE,M,40
FRENTE PATRIOTA FEDERAL,PRIMERO LA PATRIA,BUENOS AIRES,SENADORES NACIONALES,TITULARES,1,LEONARDO RENATO RAMON BARIANI,M,74
FRENTE PATRIOTA FEDERAL,PRIMERO LA PATRIA,BUENOS AIRES,SENADORES NACIONALES,TITULARES,2,MARIA VICTORIA ARREDONDO,F,37
FRENTE PATRIOTA FEDERAL,PRIMERO LA PATRIA,BUENOS AIRES,SENADORES NACIONALES,SUPLENTES,1,OSCAR VICTORIO SARANZOTTI,M,70
FRENTE PATRIOTA FEDERAL,PRIMERO LA PATRIA,BUENOS AIRES,SENADORES NACIONALES,SUPLENTES,2,ROBERTA ROMINA AGUIRRE,F,43
HACEMOS POR NUESTRO PAIS,HACEMOS,BUENOS AIRES,SENADORES NACIONALES,TITULARES,1,ROCIO SOLEDAD GIACCONE,F,42
HACEMOS POR NUESTRO PAIS,HACEMOS,BUENOS AIRES,SENADORES NACIONALES,TITULARES,2,MARTIN EDUARDO PALMA BASTIDAS,M,42
HACEMOS POR NUESTRO PAIS,HACEMOS,BUENOS AIRES,SENADORES NACIONALES,SUPLENTES,1,GRACIELA NORA REGO,F,69
HACEMOS POR NUESTRO PAIS,HACEMOS,BUENOS AIRES,SENADORES NACIONALES,SUPLENTES,2,ROBERTO HECTOR VILLA,M,70
JUNTOS POR EL CAMBIO,EL CAMBIO DE NUESTRAS VIDAS,BUENOS AIRES,SENADORES NACIONALES,TITULARES,1,JOSÉ LUIS ESPERT,M,62
JUNTOS POR EL CAMBIO,EL CAMBIO DE NUESTRAS VIDAS,BUENOS AIRES,SENADORES NACIONALES,TITULARES,2,CYNTHIA LILIANA HOTTON,F,54
JUNTOS POR EL CAMBIO,EL CAMBIO DE NUESTRAS VIDAS,BUENOS AIRES,SENADORES NACIONALES,SUPLENTES,1,BRUNO GUIDO SCRENCI SILVA,M,53
JUNTOS POR EL CAMBIO,EL CAMBIO DE NUESTRAS VIDAS,BUENOS AIRES,SENADORES NACIONALES,SUPLENTES,2,ROSALIA DE LOS ANGELES FUCELLO,F,44
JUNTOS POR EL CAMBIO,LA FUERZA DEL CAMBIO,BUENOS AIRES,SENADORES NACIONALES,TITULARES,1,MAXIMILIANO ABAD,M,46
JUNTOS POR EL CAMBIO,LA FUERZA DEL CAMBIO,BUENOS AIRES,SENADORES NACIONALES,TITULARES,2,MARIA EUGENIA TALERICO,F,52
JUNTOS POR EL CAMBIO,LA FUERZA DEL CAMBIO,BUENOS AIRES,SENADORES NACIONALES,SUPLENTES,1,PABLO HECTOR WALTER,M,56
JUNTOS POR EL CAMBIO,LA FUERZA DEL CAMBIO,BUENOS AIRES,SENADORES NACIONALES,SUPLENTES,2,MARIA DE LUJAN GUARDO,F,52
JUSTICIA Y DIGNIDAD PATRIOTICA,P.A.S.E,BUENOS AIRES,SENADORES NACIONALES,TITULARES,1,LUIS ALFREDO FERNANDEZ,M,55
JUSTICIA Y DIGNIDAD PATRIOTICA,P.A.S.E,BUENOS AIRES,SENADORES NACIONALES,TITULARES,2,ANA CATALINA CRISPENS,F,58
JUSTICIA Y DIGNIDAD PATRIOTICA,P.A.S.E,BUENOS AIRES,SENADORES NACIONALES,SUPLENTES,1,JOSE ANTONIO PAREDES,M,62
JUSTICIA Y DIGNIDAD PATRIOTICA,P.A.S.E,BUENOS AIRES,SENADORES NACIONALES,SUPLENTES,2,RAMONA BEATRIZ JEREZ,F,65
LA LIBERTAD AVANZA,LIBERTAD POR SIEMPRE,BUENOS AIRES,SENADORES NACIONALES,TITULARES,1,JUAN IGNACIO NAPOLI,M,53
LA LIBERTAD AVANZA,LIBERTAD POR SIEMPRE,BUENOS AIRES,SENADORES NACIONALES,TITULARES,2,GLADYS NOEMI HUMENUK,F,50
LA LIBERTAD AVANZA,LIBERTAD POR SIEMPRE,BUENOS AIRES,SENADORES NACIONALES,SUPLENTES,1,ALVARO GARCIA,M,44
LA LIBERTAD AVANZA,LIBERTAD POR SIEMPRE,BUENOS AIRES,SENADORES NACIONALES,SUPLENTES,2,CAMILA BECERRA,F,37
MOVIMIENTO AVANZADA SOCIALISTA,IZQUIERDA ANTICAPITALISTA,BUENOS AIRES,SENADORES NACIONALES,TITULARES,1,LUIS MARIO DI BARTOLO,M,50
MOVIMIENTO AVANZADA SOCIALISTA,IZQUIERDA ANTICAPITALISTA,BUENOS AIRES,SENADORES NACIONALES,TITULARES,2,MARIA LAURA GRANILLO,F,37
MOVIMIENTO IZQUIERDA JUVENTUD DIGNIDAD,CONFEDERAL,BUENOS AIRES,SENADORES NACIONALES,TITULARES,1,CLAUDIO MARCELO MORGADO,M,64
MOVIMIENTO IZQUIERDA JUVENTUD DIGNIDAD,CONFEDERAL,BUENOS AIRES,SENADORES NACIONALES,SUPLENTES,1,CHRISTIAN ANDRES NAON,M,45
MOVIMIENTO IZQUIERDA JUVENTUD DIGNIDAD,CONFEDERAL,BUENOS AIRES,SENADORES NACIONALES,SUPLENTES,2,KARINA ANDREA CASCO,F,41
MOVIMIENTO IZQUIERDA JUVENTUD DIGNIDAD,LINEA A DIGNIDAD,BUENOS AIRES,SENADORES NACIONALES,TITULARES,1,NINA PELOZO,F,62
MOVIMIENTO IZQUIERDA JUVENTUD DIGNIDAD,LINEA A DIGNIDAD,BUENOS AIRES,SENADORES NACIONALES,TITULARES,2,ALEJANDRO DARIO YBARRA,M,39
MOVIMIENTO IZQUIERDA JUVENTUD DIGNIDAD,LINEA A DIGNIDAD,BUENOS AIRES,SENADORES NACIONALES,SUPLENTES,1,MARIA SOLEDAD GÓMEZ,F,32
MOVIMIENTO IZQUIERDA JUVENTUD DIGNIDAD,LINEA A DIGNIDAD,BUENOS AIRES,SENADORES NACIONALES,SUPLENTES,2,CARLOS FERNANDEZ,M,58
MOVIMIENTO LIBRES DEL SUR,LISTA AZUL Y ROJO,BUENOS AIRES,SENADORES NACIONALES,TITULARES,1,HUMBERTO MIGUEL TUMINI,M,74
MOVIMIENTO LIBRES DEL SUR,LISTA AZUL Y ROJO,BUENOS AIRES,SENADORES NACIONALES,TITULARES,2,LAURA INES LONATTI,F,59
MOVIMIENTO LIBRES DEL SUR,LISTA AZUL Y ROJO,BUENOS AIRES,SENADORES NACIONALES,SUPLENTES,1,FRANCO ARDUSSO,M,30
MOVIMIENTO LIBRES DEL SUR,LISTA AZUL Y ROJO,BUENOS AIRES,SENADORES NACIONALES,SUPLENTES,2,ROSANA GOMEZ,F,41
NUEVA UNION CELESTE,CELESTE,BUENOS AIRES,SENADORES NACIONALES,TITULARES,1,JUAN CARLOS NEVES,M,75
NUEVA UNION CELESTE,CELESTE,BUENOS AIRES,SENADORES NACIONALES,TITULARES,2,MARIA ISABEL COSTA MENDES,F,51
NUEVA UNION CELESTE,CELESTE,BUENOS AIRES,SENADORES NACIONALES,SUPLENTES,1,LUIS ALBERTO REY,M,57
NUEVA UNION CELESTE,CELESTE,BUENOS AIRES,SENADORES NACIONALES,SUPLENTES,2,ROSA JUANA MONTESINO DIAZ,F,74
PARTIDO LABORISTA,FRENTE LABORISTA,BUENOS AIRES,SENADORES NACIONALES,TITULARES,1,MARIA ALICIA ARCE,F,44
PARTIDO LABORISTA,FRENTE LABORISTA,BUENOS AIRES,SENADORES NACIONALES,TITULARES,2,HUGO MIGUEL SAN MARTIN,M,50
PARTIDO LABORISTA,FRENTE LABORISTA,BUENOS AIRES,SENADORES NACIONALES,SUPLENTES,1,FLAVIA GABRIELA GOROSITO,F,41
PARTIDO LABORISTA,FRENTE LABORISTA,BUENOS AIRES,SENADORES NACIONALES,SUPLENTES,2,HECTOR DANIEL GONZALEZ,M,35
PARTIDO LABORISTA,LA CLASE OBRERA,BUENOS AIRES,SENADORES NACIONALES,TITULARES,1,ZULMA ISABEL VALENZUELA,F,51
PARTIDO LABORISTA,LA CLASE OBRERA,BUENOS AIRES,SENADORES NACIONALES,TITULARES,2,JORGE NATALIO LEON,M,55
PARTIDO LABORISTA,LA CLASE OBRERA,BUENOS AIRES,SENADORES NACIONALES,SUPLENTES,1,ANGELA BEATRIZ CISNEROS,F,49
PARTIDO LABORISTA,LA CLASE OBRERA,BUENOS AIRES,SENADORES NACIONALES,SUPLENTES,2,LUCAS ALEJANDRO ROBLES,M,31
PARTIDO LABORISTA,REFUNDACION,BUENOS AIRES,SENADORES NACIONALES,TITULARES,1,RAMONA SOLEDAD IBARRA,F,38
PARTIDO LABORISTA,REFUNDACION,BUENOS AIRES,SENADORES NACIONALES,TITULARES,2,LEONARDO JAVIER CRUCIANELLI,M,47
PARTIDO LABORISTA,REFUNDACION,BUENOS AIRES,SENADORES NACIONALES,SUPLENTES,1,TAMARA NOEMI HOLLOMBACH,F,32
PARTIDO LABORISTA,REFUNDACION,BUENOS AIRES,SENADORES NACIONALES,SUPLENTES,2,MATIAS GABRIEL ORTELLADO,M,32
PARTIDO LABORISTA,VOLVER A LAS FUENTES,BUENOS AIRES,SENADORES NACIONALES,TITULARES,1,LUIS CARLOS DEL ROSARIO RAMIREZ,M,60
PARTIDO LABORISTA,VOLVER A LAS FUENTES,BUENOS AIRES,SENADORES NACIONALES,TITULARES,2,VIVIANA BEATRIZ LOPEZ,F,32
PARTIDO LABORISTA,VOLVER A LAS FUENTES,BUENOS AIRES,SENADORES NACIONALES,SUPLENTES,1,UBALDO MUÑOZ,M,67
PARTIDO LABORISTA,VOLVER A LAS FUENTES,BUENOS AIRES,SENADORES NACIONALES,SUPLENTES,2,NATALIA PAMELA PATEL,F,34
PARTIDO LIBERTARIO,LIBERTARIOS,BUENOS AIRES,SENADORES NACIONALES,TITULARES,1,SILVIA BEATRIZ GARCIA,F,58
PARTIDO LIBERTARIO,LIBERTARIOS,BUENOS AIRES,SENADORES NACIONALES,TITULARES,2,GUILLERMO AMERICO AGUIRRE,M,36
PARTIDO LIBERTARIO,LIBERTARIOS,BUENOS AIRES,SENADORES NACIONALES,SUPLENTES,1,CLARA LUJAN CARBONE PAZ,F,56
PARTIDO LIBERTARIO,LIBERTARIOS,BUENOS AIRES,SENADORES NACIONALES,SUPLENTES,2,RODRIGO SEBASTIAN MEDRANO,M,32
PARTIDO MOVIMIENTO ORGANIZACION DEMOCRATICA (MODE),UNIDAD,BUENOS AIRES,SENADORES NACIONALES,TITULARES,1,FERNANDO JORGE DI FILIPPO,M,70
PARTIDO MOVIMIENTO ORGANIZACION DEMOCRATICA (MODE),UNIDAD,BUENOS AIRES,SENADORES NACIONALES,TITULARES,2,AGUSTINA YOLANDA VALDEZ,F,77
PARTIDO PRINCIPIOS Y VALORES,FUERZA FEDERAL,BUENOS AIRES,SENADORES NACIONALES,TITULARES,1,ROBERTO EDUARDO DAMBORIANA,M,71
PARTIDO PRINCIPIOS Y VALORES,FUERZA FEDERAL,BUENOS AIRES,SENADORES NACIONALES,TITULARES,2,VERONICA ALEJANDRA DEOTO,F,48
PARTIDO PRINCIPIOS Y VALORES,FUERZA FEDERAL,BUENOS AIRES,SENADORES NACIONALES,SUPLENTES,1,CRISTIAN GABRIEL CONTURIER,M,49
PARTIDO PRINCIPIOS Y VALORES,FUERZA FEDERAL,BUENOS AIRES,SENADORES NACIONALES,SUPLENTES,2,LUCIA FLORENCIA MIÑO,F,36
PARTIDO PRINCIPIOS Y VALORES,TIERRA TECHO Y TRABAJO,BUENOS AIRES,SENADORES NACIONALES,TITULARES,1,ANDREA NATALIA MELO,F,37
PARTIDO PRINCIPIOS Y VALORES,TIERRA TECHO Y TRABAJO,BUENOS AIRES,SENADORES NACIONALES,TITULARES,2,CARLOS ANTONIO DUARTE,M,70
PARTIDO PRINCIPIOS Y VALORES,TIERRA TECHO Y TRABAJO,BUENOS AIRES,SENADORES NACIONALES,SUPLENTES,1,KARINA GISELA GELVES,F,35
PARTIDO PRINCIPIOS Y VALORES,TIERRA TECHO Y TRABAJO,BUENOS AIRES,SENADORES NACIONALES,SUPLENTES,2,ADRIÁN POSE,M,49
PARTIDO UNIDAD SOCIAL (PUS),UNIDOS,BUENOS AIRES,SENADORES NACIONALES,TITULARES,1,CLAUDIO SERGIO MILILLO,M,53
PARTIDO UNIDAD SOCIAL (PUS),UNIDOS,BUENOS AIRES,SENADORES NACIONALES,TITULARES,2,MERCEDES BEATRIZ DIAZ,F,49
PARTIDO UNIDAD SOCIAL (PUS),UNIDOS,BUENOS AIRES,SENADORES NACIONALES,SUPLENTES,1,ALEJANDRO ROBERTO SALINAS,M,60
PARTIDO UNIDAD SOCIAL (PUS),UNIDOS,BUENOS AIRES,SENADORES NACIONALES,SUPLENTES,2,TAMARA SOLEDAD MONTES,F,33
PARTIDO VOCACION SOCIAL,VALORES Y SOLIDARIDAD,BUENOS AIRES,SENADORES NACIONALES,TITULARES,1,NAHUEL BECHARA ARCURI,M,30
PARTIDO VOCACION SOCIAL,VALORES Y SOLIDARIDAD,BUENOS AIRES,SENADORES NACIONALES,TITULARES,2,MARÍA EUGENIA CORONEL DIAZ,F,44
PARTIDO VOCACION SOCIAL,VALORES Y SOLIDARIDAD,BUENOS AIRES,SENADORES NACIONALES,SUPLENTES,1,MARCELO LUIS ADORNO,M,57
PARTIDO VOCACION SOCIAL,VALORES Y SOLIDARIDAD,BUENOS AIRES,SENADORES NACIONALES,SUPLENTES,2,ANALIA CLAUDIA COLOMBO,F,54
POLITICA ABIERTA PARA LA INTEGRIDAD SOCIAL,AZUL UNICA,BUENOS AIRES,SENADORES NACIONALES,TITULARES,1,LUIS PABLO NARVAJA,M,68
POLITICA ABIERTA PARA LA INTEGRIDAD SOCIAL,AZUL UNICA,BUENOS AIRES,SENADORES NACIONALES,TITULARES,2,MARÍA BELÉN DI PASQUALE,F,37
POLITICA ABIERTA PARA LA INTEGRIDAD SOCIAL,AZUL UNICA,BUENOS AIRES,SENADORES NACIONALES,SUPLENTES,1,NESTOR ANDRES DI PASQUALE,M,33
POLITICA OBRERA,UNIDAD OBRERA,BUENOS AIRES,SENADORES NACIONALES,TITULARES,1,MANUEL IGNACIO QUIROGA,M,45
PROYECTO JOVEN,COALICION PAZ DEMOCRACIA SOBERANIA,BUENOS AIRES,SENADORES NACIONALES,TITULARES,1,RODOLFO PABLO TREBER,M,35
PROYECTO JOVEN,COALICION PAZ DEMOCRACIA SOBERANIA,BUENOS AIRES,SENADORES NACIONALES,TITULARES,2,JACQUELINE CORDO,F,35
PROYECTO JOVEN,COALICION PAZ DEMOCRACIA SOBERANIA,BUENOS AIRES,SENADORES NACIONALES,SUPLENTES,1,ROBERTO CARLOS SINGH,M,50
PROYECTO JOVEN,COALICION PAZ DEMOCRACIA SOBERANIA,BUENOS AIRES,SENADORES NACIONALES,SUPLENTES,2,LORENA INES BARRERA,F,46
PROYECTO JOVEN,FRENTE JOVEN,BUENOS AIRES,SENADORES NACIONALES,TITULARES,1,CARLOS ALBERTO TOBAR,M,49
PROYECTO JOVEN,FRENTE JOVEN,BUENOS AIRES,SENADORES NACIONALES,TITULARES,2,DIANA YAMINA DIAZ,F,44
PROYECTO JOVEN,FRENTE JOVEN,BUENOS AIRES,SENADORES NACIONALES,SUPLENTES,1,EMMANUEL BARROS,M,32
PROYECTO JOVEN,FRENTE JOVEN,BUENOS AIRES,SENADORES NACIONALES,SUPLENTES,2,EDITH LILIANA PAREDES,F,63
PROYECTO JOVEN,PATRIA UNIDA,BUENOS AIRES,SENADORES NACIONALES,TITULARES,1,PABLO HERNAN ARGÜELLO,M,44
PROYECTO JOVEN,PATRIA UNIDA,BUENOS AIRES,SENADORES NACIONALES,TITULARES,2,GRACIELA SUSANA ROCHA,F,42
PROYECTO JOVEN,PATRIA UNIDA,BUENOS AIRES,SENADORES NACIONALES,SUPLENTES,1,JORGE GABRIEL CASARES,M,69
PROYECTO JOVEN,PATRIA UNIDA,BUENOS AIRES,SENADORES NACIONALES,SUPLENTES,2,MARCELA MYRIAM BONETTI,F,60
TODOS POR BUENOS AIRES,,BUENOS AIRES,SENADORES NACIONALES,TITULARES,1,DAIANA MARCELA PAEZ,F,32
TODOS POR BUENOS AIRES,,BUENOS AIRES,SENADORES NACIONALES,TITULARES,2,CESAR RAMON FERREYRA,M,49
TODOS POR BUENOS AIRES,,BUENOS AIRES,SENADORES NACIONALES,SUPLENTES,1,PAULA ADRIANA DE LA FUENTE,F,36
TODOS POR BUENOS AIRES,,BUENOS AIRES,SENADORES NACIONALES,SUPLENTES,2,JAVIER DANIEL MASSOLO,M,34
UNION POR LA PATRIA,CELESTE Y BLANCA NÚMERO LISTA 2,BUENOS AIRES,SENADORES NACIONALES,TITULARES,1,EDUARDO WADO DE PEDRO,M,47
UNION POR LA PATRIA,CELESTE Y BLANCA NÚMERO LISTA 2,BUENOS AIRES,SENADORES NACIONALES,TITULARES,2,JULIANA DI TULLIO,F,52
UNION POR LA PATRIA,CELESTE Y BLANCA NÚMERO LISTA 2,BUENOS AIRES,SENADORES NACIONALES,SUPLENTES,1,JULIAN ANDRES DOMINGUEZ,M,60
UNION POR LA PATRIA,CELESTE Y BLANCA NÚMERO LISTA 2,BUENOS AIRES,SENADORES NACIONALES,SUPLENTES,2,MARINA ALEJANDRA MORETTI,F,49
JUNTOS POR EL CAMBIO,#PODES CONFIAR ESTAMOS CON VOS,FORMOSA,SENADORES NACIONALES,TITULARES,1,FERNANDO CARBAJAL,M,59
JUNTOS POR EL CAMBIO,#PODES CONFIAR ESTAMOS CON VOS,FORMOSA,SENADORES NACIONALES,TITULARES,2,MARIA CELESTE RUIZ DIAZ,F,43
JUNTOS POR EL CAMBIO,#PODES CONFIAR ESTAMOS CON VOS,FORMOSA,SENADORES NACIONALES,SUPLENTES,1,FABRIZIO VILLAGGI,M,33
JUNTOS POR EL CAMBIO,#PODES CONFIAR ESTAMOS CON VOS,FORMOSA,SENADORES NACIONALES,SUPLENTES,2,PATRICIA ELIZABETH CAPPELLO,F,59
JUNTOS POR EL CAMBIO,LA FUERZA DEL CAMBIO,FORMOSA,SENADORES NACIONALES,TITULARES,1,LUIS CARLOS PETCOFF NAIDENOFF,M,56
JUNTOS POR EL CAMBIO,LA FUERZA DEL CAMBIO,FORMOSA,SENADORES NACIONALES,TITULARES,2,AGOSTINA VILLAGGI,F,38
JUNTOS POR EL CAMBIO,LA FUERZA DEL CAMBIO,FORMOSA,SENADORES NACIONALES,SUPLENTES,1,MARTIN OSVALDO HERNANDEZ,M,51
JUNTOS POR EL CAMBIO,LA FUERZA DEL CAMBIO,FORMOSA,SENADORES NACIONALES,SUPLENTES,2,NORMA BEATRIZ AYALA,F,47
LA LIBERTAD AVANZA,LA LIBERTAD AVANZA,FORMOSA,SENADORES NACIONALES,TITULARES,1,FRANCISCO MANUEL PAOLTRONI,M,42
LA LIBERTAD AVANZA,LA LIBERTAD AVANZA,FORMOSA,SENADORES NACIONALES,TITULARES,2,NELIDA ELVA SOTELO,F,55
LA LIBERTAD AVANZA,LA LIBERTAD AVANZA,FORMOSA,SENADORES NACIONALES,SUPLENTES,1,FABIAN ALCIDES FIRMAN,M,55
LA LIBERTAD AVANZA,LA LIBERTAD AVANZA,FORMOSA,SENADORES NACIONALES,SUPLENTES,2,MAGDALENA ELIZABETH BARRIOS,F,65
MOVIMIENTO LIBRES DEL SUR,AZUL Y ROJO,FORMOSA,SENADORES NACIONALES,TITULARES,1,GERVASIO ANTONIO NIEVA,M,62
MOVIMIENTO LIBRES DEL SUR,AZUL Y ROJO,FORMOSA,SENADORES NACIONALES,TITULARES,2,ALEJANDRA ELIZABETH SOTO,F,41
MOVIMIENTO LIBRES DEL SUR,AZUL Y ROJO,FORMOSA,SENADORES NACIONALES,SUPLENTES,1,RAUL ARSENIO DIAZ EBEL,M,51
MOVIMIENTO LIBRES DEL SUR,AZUL Y ROJO,FORMOSA,SENADORES NACIONALES,SUPLENTES,2,NORMA MARIA JIMENA DIAZ,F,30
UNION POR LA PATRIA,"LISTA 2 CELESTE, BLANCA Y AZUL",FORMOSA,SENADORES NACIONALES,TITULARES,1,JOSE MIGUEL ANGEL MAYANS,M,66
UNION POR LA PATRIA,"LISTA 2 CELESTE, BLANCA Y AZUL",FORMOSA,SENADORES NACIONALES,TITULARES,2,MARIA TERESA MARGARITA GONZALEZ,F,62
UNION POR LA PATRIA,"LISTA 2 CELESTE, BLANCA Y AZUL",FORMOSA,SENADORES NACIONALES,SUPLENTES,1,GILDO INSFRAN,M,72
UNION POR LA PATRIA,"LISTA 2 CELESTE, BLANCA Y AZUL",FORMOSA,SENADORES NACIONALES,SUPLENTES,2,CRISTINA SUSANA MIRASSOU,F,71
CAMBIA JUJUY,LISTA A SIGAMOS CAMBIANDO JUJUY,JUJUY,SENADORES NACIONALES,TITULARES,1,MARIO FIAD,M,66
CAMBIA JUJUY,LISTA A SIGAMOS CAMBIANDO JUJUY,JUJUY,SENADORES NACIONALES,TITULARES,2,SILVIA GIACOPPO,F,64
CAMBIA JUJUY,LISTA A SIGAMOS CAMBIANDO JUJUY,JUJUY,SENADORES NACIONALES,SUPLENTES,1,MARIO ALEJANDRO PIZARRO,M,64
CAMBIA JUJUY,LISTA A SIGAMOS CAMBIANDO JUJUY,JUJUY,SENADORES NACIONALES,SUPLENTES,2,MARIA EUGENIA TULIA SNOPEK,F,50
CAMBIA JUJUY,LISTA B LA FUERZA DEL CAMBIO,JUJUY,SENADORES NACIONALES,TITULARES,1,NARDA ALEJANDRA CORDERO,F,51
CAMBIA JUJUY,LISTA B LA FUERZA DEL CAMBIO,JUJUY,SENADORES NACIONALES,TITULARES,2,JUAN ADAN BARREIRO,M,78
CAMBIA JUJUY,LISTA B LA FUERZA DEL CAMBIO,JUJUY,SENADORES NACIONALES,SUPLENTES,1,ELBA ALINA CARI,F,43
CAMBIA JUJUY,LISTA B LA FUERZA DEL CAMBIO,JUJUY,SENADORES NACIONALES,SUPLENTES,2,JOAQUÍN GONZALO FERNÁNDEZ,M,31
CAMBIA JUJUY,LISTA C UNIR AL CAMBIO,JUJUY,SENADORES NACIONALES,TITULARES,1,MARIA LUISA ORDOÑEZ,F,53
CAMBIA JUJUY,LISTA C UNIR AL CAMBIO,JUJUY,SENADORES NACIONALES,TITULARES,2,SERGIO ALEX CARRIZO,M,47
CAMBIA JUJUY,LISTA C UNIR AL CAMBIO,JUJUY,SENADORES NACIONALES,SUPLENTES,1,CELIA YOLANDA DIAZ,F,57
FRENTE DE IZQUIERDA Y DE TRABAJADORES-UNIDAD,A UNIDAD DE LUCHADORES Y LA IZQUIERDA,JUJUY,SENADORES NACIONALES,TITULARES,1,SEBASTIAN COPELLO,M,32
FRENTE DE IZQUIERDA Y DE TRABAJADORES-UNIDAD,A UNIDAD DE LUCHADORES Y LA IZQUIERDA,JUJUY,SENADORES NACIONALES,TITULARES,2,ALEJANDRA MARGARITA ZAMBRANO,F,41
FRENTE DE IZQUIERDA Y DE TRABAJADORES-UNIDAD,A UNIDAD DE LUCHADORES Y LA IZQUIERDA,JUJUY,SENADORES NACIONALES,SUPLENTES,1,JORGE DAVID HOYOS,M,46
FRENTE DE IZQUIERDA Y DE TRABAJADORES-UNIDAD,A UNIDAD DE LUCHADORES Y LA IZQUIERDA,JUJUY,SENADORES NACIONALES,SUPLENTES,2,ABIGAIL BRENDA ESCALANTE,F,32
FRENTE DE IZQUIERDA Y DE TRABAJADORES-UNIDAD,UNIR Y FORTALECER LA IZQUIERDA 1A,JUJUY,SENADORES NACIONALES,TITULARES,1,ALEJANDRO ARIEL VILCA,M,47
FRENTE DE IZQUIERDA Y DE TRABAJADORES-UNIDAD,UNIR Y FORTALECER LA IZQUIERDA 1A,JUJUY,SENADORES NACIONALES,TITULARES,2,LAMIA NAHIR DEBBO,F,32
FRENTE DE IZQUIERDA Y DE TRABAJADORES-UNIDAD,UNIR Y FORTALECER LA IZQUIERDA 1A,JUJUY,SENADORES NACIONALES,SUPLENTES,1,GUILLERMO DANIEL ALEMAN,M,36
FRENTE DE IZQUIERDA Y DE TRABAJADORES-UNIDAD,UNIR Y FORTALECER LA IZQUIERDA 1A,JUJUY,SENADORES NACIONALES,SUPLENTES,2,JULIA FERNANDA GIRIBONE STANLEY,F,45
HACEMOS POR NUESTRO PAIS,HACEMOS POR JUJUY,JUJUY,SENADORES NACIONALES,TITULARES,1,OSCAR AGUSTÍN PERASSI,M,74
HACEMOS POR NUESTRO PAIS,HACEMOS POR JUJUY,JUJUY,SENADORES NACIONALES,TITULARES,2,ANGELA SUSANA AGUIAR,F,76
HACEMOS POR NUESTRO PAIS,HACEMOS POR JUJUY,JUJUY,SENADORES NACIONALES,SUPLENTES,1,DANTE PAUL ALVAREZ DODI,M,50
HACEMOS POR NUESTRO PAIS,HACEMOS POR JUJUY,JUJUY,SENADORES NACIONALES,SUPLENTES,2,MARIA DEL VALLE CALPANCHAY,F,48
MOVIMIENTO INTEGRACIóN LATINOAMERICANA DE EXPRESIóN SOCIAL-M.I.L.E.S.,JUJUY TIENE FUTURO CON PRINCIPIOS Y VALORES,JUJUY,SENADORES NACIONALES,TITULARES,1,RODOLFO ALEJANDRO TECCHI,M,68
MOVIMIENTO INTEGRACIóN LATINOAMERICANA DE EXPRESIóN SOCIAL-M.I.L.E.S.,JUJUY TIENE FUTURO CON PRINCIPIOS Y VALORES,JUJUY,SENADORES NACIONALES,TITULARES,2,GEORGINA PAOLA SOSA,F,38
MOVIMIENTO INTEGRACIóN LATINOAMERICANA DE EXPRESIóN SOCIAL-M.I.L.E.S.,JUJUY TIENE FUTURO CON PRINCIPIOS Y VALORES,JUJUY,SENADORES NACIONALES,SUPLENTES,1,HUGO ORLANDO UZQUEDA,M,48
MOVIMIENTO INTEGRACIóN LATINOAMERICANA DE EXPRESIóN SOCIAL-M.I.L.E.S.,JUJUY TIENE FUTURO CON PRINCIPIOS Y VALORES,JUJUY,SENADORES NACIONALES,SUPLENTES,2,GLADYS ERNESTINA ZAMBRANO,F,59
PARTIDO RENOVADOR FEDERAL,LIBERTAD JUJUY 1A,JUJUY,SENADORES NACIONALES,TITULARES,1,EZEQUIEL ATAUCHE,M,41
PARTIDO RENOVADOR FEDERAL,LIBERTAD JUJUY 1A,JUJUY,SENADORES NACIONALES,TITULARES,2,VILMA FACUNDA BEDIA,F,62
PARTIDO RENOVADOR FEDERAL,LIBERTAD JUJUY 1A,JUJUY,SENADORES NACIONALES,SUPLENTES,1,KEVIN GUSTAVO BALLESTY,M,39
PARTIDO RENOVADOR FEDERAL,LIBERTAD JUJUY 1A,JUJUY,SENADORES NACIONALES,SUPLENTES,2,ALICIA VALERIA ALVAREZ,F,45
UNION POR LA PATRIA,CELESTE Y BLANCA,JUJUY,SENADORES NACIONALES,TITULARES,1,RUBEN ARMANDO RIVAROLA,M,70
UNION POR LA PATRIA,CELESTE Y BLANCA,JUJUY,SENADORES NACIONALES,TITULARES,2,KARINA MARISOL PANIAGUA,F,48
UNION POR LA PATRIA,CELESTE Y BLANCA,JUJUY,SENADORES NACIONALES,SUPLENTES,1,PEDRO HORACIO BELIZAN,M,50
UNION POR LA PATRIA,CELESTE Y BLANCA,JUJUY,SENADORES NACIONALES,SUPLENTES,2,SILVIA REGINA EDITH VALDIVIEZO,F,39
UNION POR LA PATRIA,UNIDAD RENOVADORA,JUJUY,SENADORES NACIONALES,TITULARES,1,MARIA CAROLINA MOISES,F,48
UNION POR LA PATRIA,UNIDAD RENOVADORA,JUJUY,SENADORES NACIONALES,TITULARES,2,ADRIAN RUBEN MENDIETA,M,49
UNION POR LA PATRIA,UNIDAD RENOVADORA,JUJUY,SENADORES NACIONALES,SUPLENTES,1,FERNANDA COLQUE,F,57
UNION POR LA PATRIA,UNIDAD RENOVADORA,JUJUY,SENADORES NACIONALES,SUPLENTES,2,CARLOS MANUEL DE APARICI,M,46
UNION POR LA PATRIA,UNION POR JUJUY,JUJUY,SENADORES NACIONALES,TITULARES,1,LEILA SUSANA CHAHER,F,39
UNION POR LA PATRIA,UNION POR JUJUY,JUJUY,SENADORES NACIONALES,TITULARES,2,FRANCISCO JAVIER HINOJO,M,47
UNION POR LA PATRIA,UNION POR JUJUY,JUJUY,SENADORES NACIONALES,SUPLENTES,1,DANIELA ALEJANDRA JALED,F,33
UNION POR LA PATRIA,UNION POR JUJUY,JUJUY,SENADORES NACIONALES,SUPLENTES,2,JUAN IGNACIO MUÑOZ,M,43
DEMOCRATA CRISTIANO,HACEMOS UNIDOS POR LA RIOJA,LA RIOJA,SENADORES NACIONALES,TITULARES,1,ALBERTO NICOLAS PAREDES URQUIZA,M,57
DEMOCRATA CRISTIANO,HACEMOS UNIDOS POR LA RIOJA,LA RIOJA,SENADORES NACIONALES,TITULARES,2,ANDREA MARIA MERCADO LUNA,F,56
DEMOCRATA CRISTIANO,HACEMOS UNIDOS POR LA RIOJA,LA RIOJA,SENADORES NACIONALES,SUPLENTES,1,HORACIO GABRIEL PASCUALE,M,49
DEMOCRATA CRISTIANO,HACEMOS UNIDOS POR LA RIOJA,LA RIOJA,SENADORES NACIONALES,SUPLENTES,2,CYNTHIA RAQUEL NUÑEZ,F,44
FRENTE DE IZQUIERDA Y DE TRABAJADORES - UNIDAD, UNIDAD DE LUCHADORES Y  LA IZQUIERDA,LA RIOJA,SENADORES NACIONALES,TITULARES,1,BERNARDINO ALBERTO ALEJANDRO POLI GUASELO,M,46
FRENTE DE IZQUIERDA Y DE TRABAJADORES - UNIDAD, UNIDAD DE LUCHADORES Y  LA IZQUIERDA,LA RIOJA,SENADORES NACIONALES,TITULARES,2,KARINA DIAZ,F,51
FRENTE DE IZQUIERDA Y DE TRABAJADORES - UNIDAD, UNIDAD DE LUCHADORES Y  LA IZQUIERDA,LA RIOJA,SENADORES NACIONALES,SUPLENTES,1,ANASTACIO DOMINGO VEDIA,M,52
FRENTE DE IZQUIERDA Y DE TRABAJADORES - UNIDAD, UNIDAD DE LUCHADORES Y  LA IZQUIERDA,LA RIOJA,SENADORES NACIONALES,SUPLENTES,2,CLAUDIA FABIANA BAIGORRIA,F,51
FRENTE DE IZQUIERDA Y DE TRABAJADORES - UNIDAD,UNIR Y FORTALECER LA IZQUIERDA 1A,LA RIOJA,SENADORES NACIONALES,TITULARES,1,MARTIN  ANGEL,M,47
FRENTE DE IZQUIERDA Y DE TRABAJADORES - UNIDAD,UNIR Y FORTALECER LA IZQUIERDA 1A,LA RIOJA,SENADORES NACIONALES,TITULARES,2,ANAHI  GONZALEZ,F,42
FRENTE DE IZQUIERDA Y DE TRABAJADORES - UNIDAD,UNIR Y FORTALECER LA IZQUIERDA 1A,LA RIOJA,SENADORES NACIONALES,SUPLENTES,1,JOSE  QUIROGA GUERRA,M,49
FRENTE DE IZQUIERDA Y DE TRABAJADORES - UNIDAD,UNIR Y FORTALECER LA IZQUIERDA 1A,LA RIOJA,SENADORES NACIONALES,SUPLENTES,2,ROCIO REINOSO DRYON,F,32
JUNTOS POR EL CAMBIO,EL CAMBIO DE NUESTRAS VIDAS A,LA RIOJA,SENADORES NACIONALES,TITULARES,1,JULIO CESAR MARTINEZ,M,61
JUNTOS POR EL CAMBIO,EL CAMBIO DE NUESTRAS VIDAS A,LA RIOJA,SENADORES NACIONALES,TITULARES,2,OLGA I BRIZUELA Y DORIA DE CARA,F,52
JUNTOS POR EL CAMBIO,EL CAMBIO DE NUESTRAS VIDAS A,LA RIOJA,SENADORES NACIONALES,SUPLENTES,1,GUSTAVO ANTONIO CATIVA,M,56
JUNTOS POR EL CAMBIO,EL CAMBIO DE NUESTRAS VIDAS A,LA RIOJA,SENADORES NACIONALES,SUPLENTES,2,CRISTINA ADRIANA SALZWEDEL,F,53
JUNTOS POR EL CAMBIO,LA FUERZA DEL CAMBIO B,LA RIOJA,SENADORES NACIONALES,TITULARES,1,GUILLERMO FEDERICO GALVAN,M,56
JUNTOS POR EL CAMBIO,LA FUERZA DEL CAMBIO B,LA RIOJA,SENADORES NACIONALES,TITULARES,2,ANGELICA ELEUTERIA IRIS OYOLA,F,61
JUNTOS POR EL CAMBIO,LA FUERZA DEL CAMBIO B,LA RIOJA,SENADORES NACIONALES,SUPLENTES,1,DANIEL ALEJANDRO MOLINA BRAIM,M,48
JUNTOS POR EL CAMBIO,LA FUERZA DEL CAMBIO B,LA RIOJA,SENADORES NACIONALES,SUPLENTES,2,MARIA RITA DE LOS ANGELES RIVERO,F,62
LA LIBERTAD AVANZA,LA LIBERTAD AVANZA,LA RIOJA,SENADORES NACIONALES,TITULARES,1,JUAN CARLOS PAGOTTO,M,71
LA LIBERTAD AVANZA,LA LIBERTAD AVANZA,LA RIOJA,SENADORES NACIONALES,TITULARES,2,CLAUDIA CECILIA LOPEZ,F,66
LA LIBERTAD AVANZA,LA LIBERTAD AVANZA,LA RIOJA,SENADORES NACIONALES,SUPLENTES,1,ALEJANDRO MARTIN RODRIGO CRUZ ANTUNEZ,M,51
LA LIBERTAD AVANZA,LA LIBERTAD AVANZA,LA RIOJA,SENADORES NACIONALES,SUPLENTES,2,SUSANA DEL CARMEN RIZZO,F,45
PROYECTO JOVEN,DEMOS LIBERTAD,LA RIOJA,SENADORES NACIONALES,TITULARES,1,MATIAS MAXIMILIANO RUBIA,M,35
PROYECTO JOVEN,DEMOS LIBERTAD,LA RIOJA,SENADORES NACIONALES,TITULARES,2,PAOLA VALERIA ALLENDE,F,49
PROYECTO JOVEN,DEMOS LIBERTAD,LA RIOJA,SENADORES NACIONALES,SUPLENTES,1,PLACIDO RUBEN RODRIGUEZ,M,49
PROYECTO JOVEN,DEMOS LIBERTAD,LA RIOJA,SENADORES NACIONALES,SUPLENTES,2,ELBA GLADYS VEGA,F,47
PROYECTO JOVEN,VIVA LA LIBERTAD,LA RIOJA,SENADORES NACIONALES,TITULARES,1,EVANGELINA SOLEDAD SCOZZIERO,F,47
PROYECTO JOVEN,VIVA LA LIBERTAD,LA RIOJA,SENADORES NACIONALES,TITULARES,2,JORGE LUIS FARIAS,M,53
PROYECTO JOVEN,VIVA LA LIBERTAD,LA RIOJA,SENADORES NACIONALES,SUPLENTES,1,SILVIA DEL VALLE ALIVES,F,60
PROYECTO JOVEN,VIVA LA LIBERTAD,LA RIOJA,SENADORES NACIONALES,SUPLENTES,2,JUAN EXEQUIEL MOLINA,M,33
UNION DEL CENTRO DEMOCRATICO- UCEDE,FUERZA LIBERAL,LA RIOJA,SENADORES NACIONALES,TITULARES,1,CRISTIAN OSCAR CORZO,M,50
UNION DEL CENTRO DEMOCRATICO- UCEDE,FUERZA LIBERAL,LA RIOJA,SENADORES NACIONALES,TITULARES,2,CLAUDIA LORENA BRITOS ARIAS,F,49
UNION DEL CENTRO DEMOCRATICO- UCEDE,FUERZA LIBERAL,LA RIOJA,SENADORES NACIONALES,SUPLENTES,1,EDGARDO ENRIQUE ESCOBAR,M,61
UNION DEL CENTRO DEMOCRATICO- UCEDE,FUERZA LIBERAL,LA RIOJA,SENADORES NACIONALES,SUPLENTES,2,DANIELA SOLEDAD JEREZ,F,30
UNION POR LA PATRIA,CELESTE Y BLANCA,LA RIOJA,SENADORES NACIONALES,TITULARES,1,MARIA FLORENCIA LOPEZ,F,44
UNION POR LA PATRIA,CELESTE Y BLANCA,LA RIOJA,SENADORES NACIONALES,TITULARES,2,JESUS FERNANDO REJAL,M,60
UNION POR LA PATRIA,CELESTE Y BLANCA,LA RIOJA,SENADORES NACIONALES,SUPLENTES,1,MARIA LUZ SANTANGELO CARRIZO,F,41
UNION POR LA PATRIA,CELESTE Y BLANCA,LA RIOJA,SENADORES NACIONALES,SUPLENTES,2,RICARDO ANTONIO GUERRA,M,64
FRENTE RENOVADOR DE LA CONCORDIA-INNOVACION FEDERAL MNES,"ROJA, AZUL Y BLANCA",MISIONES,SENADORES NACIONALES,TITULARES,1,ARCE CARLOS OMAR,M,64
FRENTE RENOVADOR DE LA CONCORDIA-INNOVACION FEDERAL MNES,"ROJA, AZUL Y BLANCA",MISIONES,SENADORES NACIONALES,TITULARES,2,ROJAS DECUT SONIA ELIZABETH,F,50
FRENTE RENOVADOR DE LA CONCORDIA-INNOVACION FEDERAL MNES,"ROJA, AZUL Y BLANCA",MISIONES,SENADORES NACIONALES,SUPLENTES,1,ASTROZA AEDO MILTON MAYCO,M,38
FRENTE RENOVADOR DE LA CONCORDIA-INNOVACION FEDERAL MNES,"ROJA, AZUL Y BLANCA",MISIONES,SENADORES NACIONALES,SUPLENTES,2,LOPEZ DANIELA CRISTINA,F,50
FUERZA LIBERAL MNES,LIBERTAD VIVA,MISIONES,SENADORES NACIONALES,TITULARES,1,JABORNICKY H. ALEJANDRO,M,50
FUERZA LIBERAL MNES,LIBERTAD VIVA,MISIONES,SENADORES NACIONALES,TITULARES,2,DE MOURA GRACIELA,F,42
FUERZA LIBERAL MNES,LIBERTAD VIVA,MISIONES,SENADORES NACIONALES,SUPLENTES,1,BREA NICOLAS,M,47
FUERZA LIBERAL MNES,LIBERTAD VIVA,MISIONES,SENADORES NACIONALES,SUPLENTES,2,SEWCZUK YESSICA E.,F,30
JUNTOS POR EL CAMBIO MNES,EL CAMBIO DE NUESTRAS VIDAS,MISIONES,SENADORES NACIONALES,TITULARES,1,"A. F. """"PEPE"""" PIANESI",M,40
JUNTOS POR EL CAMBIO MNES,EL CAMBIO DE NUESTRAS VIDAS,MISIONES,SENADORES NACIONALES,TITULARES,2,PAMELA E. ENCINA,F,41
JUNTOS POR EL CAMBIO MNES,EL CAMBIO DE NUESTRAS VIDAS,MISIONES,SENADORES NACIONALES,SUPLENTES,1,GONZALO M. ACUÑA,M,36
JUNTOS POR EL CAMBIO MNES,EL CAMBIO DE NUESTRAS VIDAS,MISIONES,SENADORES NACIONALES,SUPLENTES,2,MARA I. FRONTINI,F,65
JUNTOS POR EL CAMBIO MNES,LA FUERZA DEL CAMBIO,MISIONES,SENADORES NACIONALES,TITULARES,1,E. MARTIN GOERLING LARA,M,51
JUNTOS POR EL CAMBIO MNES,LA FUERZA DEL CAMBIO,MISIONES,SENADORES NACIONALES,TITULARES,2,CAROLINA S. GROSS,F,32
JUNTOS POR EL CAMBIO MNES,LA FUERZA DEL CAMBIO,MISIONES,SENADORES NACIONALES,SUPLENTES,1,ERNESTO HORACIO SPALLANZANI,M,69
JUNTOS POR EL CAMBIO MNES,LA FUERZA DEL CAMBIO,MISIONES,SENADORES NACIONALES,SUPLENTES,2,ROXANA PAOLA VELAZQUEZ LARRABURU,F,47
PARTIDO AGRARIO Y SOCIAL MNES,POR LA GENTE  LETRA P,MISIONES,SENADORES NACIONALES,TITULARES,1,"""""SEBA"""" R. S. TIOZZO",M,38
PARTIDO AGRARIO Y SOCIAL MNES,POR LA GENTE  LETRA P,MISIONES,SENADORES NACIONALES,TITULARES,2,ELVANI ELISA GORING,F,50
PARTIDO AGRARIO Y SOCIAL MNES,POR LA GENTE  LETRA P,MISIONES,SENADORES NACIONALES,SUPLENTES,1,LUIS ANGEL BENITEZ,M,45
PARTIDO AGRARIO Y SOCIAL MNES,POR LA GENTE  LETRA P,MISIONES,SENADORES NACIONALES,SUPLENTES,2,RAQUEL MASONEVEZ,F,55
PARTIDO DEL OBRERO,UNIDAD DE TRABAJADORES Y LA IZQUIERDA,MISIONES,SENADORES NACIONALES,TITULARES,1,L. VIRGINIA VILLANUEVA,F,65
PARTIDO DEL OBRERO,UNIDAD DE TRABAJADORES Y LA IZQUIERDA,MISIONES,SENADORES NACIONALES,TITULARES,2,"LADISLAO """"RULO"""" DE LIMA",M,43
PARTIDO DEL OBRERO,UNIDAD DE TRABAJADORES Y LA IZQUIERDA,MISIONES,SENADORES NACIONALES,SUPLENTES,1,M. KARINA ALIENDRE,F,51
PARTIDO DEL OBRERO,UNIDAD DE TRABAJADORES Y LA IZQUIERDA,MISIONES,SENADORES NACIONALES,SUPLENTES,2,JUANCA J.C LOVERA,M,53
UNION POPULAR FEDERAL MNES,HACEMOS UNIDOS,MISIONES,SENADORES NACIONALES,TITULARES,1,SABINA A. VETTER,F,49
UNION POPULAR FEDERAL MNES,HACEMOS UNIDOS,MISIONES,SENADORES NACIONALES,TITULARES,2,FERNANDO A. KOWALCZYK,M,41
UNION POPULAR FEDERAL MNES,HACEMOS UNIDOS,MISIONES,SENADORES NACIONALES,SUPLENTES,1,CYNTIA A. GONZALEZ CASPARY,F,31
UNION POPULAR FEDERAL MNES,HACEMOS UNIDOS,MISIONES,SENADORES NACIONALES,SUPLENTES,2,FERNANDO D. KRUSE,M,42
ALIANZA JUNTOS POR EL CAMBIO,CAMBIA SAN JUAN,SAN JUAN,SENADORES NACIONALES,TITULARES,1,EMILIO ALBERTO ACHEM,M,53
ALIANZA JUNTOS POR EL CAMBIO,CAMBIA SAN JUAN,SAN JUAN,SENADORES NACIONALES,TITULARES,2,MARCELA LUCIA MONTAÑA,F,49
ALIANZA JUNTOS POR EL CAMBIO,CAMBIA SAN JUAN,SAN JUAN,SENADORES NACIONALES,SUPLENTES,1,DIEGO ALEJANDRO GAZZE BUENO,M,43
ALIANZA JUNTOS POR EL CAMBIO,CAMBIA SAN JUAN,SAN JUAN,SENADORES NACIONALES,SUPLENTES,2,FANNY ESTER JUAREZ,F,46
ALIANZA JUNTOS POR EL CAMBIO,LA FUERZA DEL CAMBIO,SAN JUAN,SENADORES NACIONALES,TITULARES,1,JUAN DOMINGO BRAVO FALCIONI,M,62
ALIANZA JUNTOS POR EL CAMBIO,LA FUERZA DEL CAMBIO,SAN JUAN,SENADORES NACIONALES,TITULARES,2,NYDIA MARIA LUISA VELASCO,F,61
ALIANZA JUNTOS POR EL CAMBIO,LA FUERZA DEL CAMBIO,SAN JUAN,SENADORES NACIONALES,SUPLENTES,1,CESAR AUGUSTO PORTO MARADONA,M,52
ALIANZA JUNTOS POR EL CAMBIO,LA FUERZA DEL CAMBIO,SAN JUAN,SENADORES NACIONALES,SUPLENTES,2,SUSANA DEL VALLE CELANI,F,57
FRENTE DE IZQUIERDA Y DE TRABAJADORES - UNIDAD,1A UNIR Y FORTALECER LA IZQUIERDA,SAN JUAN,SENADORES NACIONALES,TITULARES,1,FRANCO MIGUEL LATEGANO,M,36
FRENTE DE IZQUIERDA Y DE TRABAJADORES - UNIDAD,1A UNIR Y FORTALECER LA IZQUIERDA,SAN JUAN,SENADORES NACIONALES,TITULARES,2,MELINA VICTORIA BARBIERI CIMINO,F,41
FRENTE DE IZQUIERDA Y DE TRABAJADORES - UNIDAD,1A UNIR Y FORTALECER LA IZQUIERDA,SAN JUAN,SENADORES NACIONALES,SUPLENTES,1,RODOLFO JESUS CABALLERO,M,33
FRENTE DE IZQUIERDA Y DE TRABAJADORES - UNIDAD,1A UNIR Y FORTALECER LA IZQUIERDA,SAN JUAN,SENADORES NACIONALES,SUPLENTES,2,MARIA VIVIANA MATOS,F,40
FRENTE DE IZQUIERDA Y DE TRABAJADORES - UNIDAD,B UNIDAD DE LUCHADORES Y LA IZQUIERDA,SAN JUAN,SENADORES NACIONALES,TITULARES,1,VIRGINIA SILVIA SUTHERLAND,F,59
FRENTE DE IZQUIERDA Y DE TRABAJADORES - UNIDAD,B UNIDAD DE LUCHADORES Y LA IZQUIERDA,SAN JUAN,SENADORES NACIONALES,TITULARES,2,JESUS ADAN MAURO FLORES,M,36
FRENTE DE IZQUIERDA Y DE TRABAJADORES - UNIDAD,B UNIDAD DE LUCHADORES Y LA IZQUIERDA,SAN JUAN,SENADORES NACIONALES,SUPLENTES,1,LAURA ANDREA FERNANDEZ JALIFE,F,46
FRENTE DE IZQUIERDA Y DE TRABAJADORES - UNIDAD,B UNIDAD DE LUCHADORES Y LA IZQUIERDA,SAN JUAN,SENADORES NACIONALES,SUPLENTES,2,FRANCISCO JAVIER ARROYO BRISUELA,M,35
FRENTE UNIÓN POR LA PATRIA - SAN JUAN,SAN JUAN VUELVE,SAN JUAN,SENADORES NACIONALES,TITULARES,1,JUAN CARLOS GIOJA,M,65
FRENTE UNIÓN POR LA PATRIA - SAN JUAN,SAN JUAN VUELVE,SAN JUAN,SENADORES NACIONALES,TITULARES,2,SANDRA DANIELA CASTRO,F,38
FRENTE UNIÓN POR LA PATRIA - SAN JUAN,SAN JUAN VUELVE,SAN JUAN,SENADORES NACIONALES,SUPLENTES,1,JUAN PABLO GOMEZ GOMEZ,M,31
FRENTE UNIÓN POR LA PATRIA - SAN JUAN,SAN JUAN VUELVE,SAN JUAN,SENADORES NACIONALES,SUPLENTES,2,GLADYS PATRICIA DIAZ MARQUEZ,F,53
FRENTE UNIÓN POR LA PATRIA - SAN JUAN,VAMOS SAN JUAN,SAN JUAN,SENADORES NACIONALES,TITULARES,1,SERGIO MAURICIO UÑAC,M,53
FRENTE UNIÓN POR LA PATRIA - SAN JUAN,VAMOS SAN JUAN,SAN JUAN,SENADORES NACIONALES,TITULARES,2,MARIA CELESTE GIMENEZ NAVARRO,F,36
FRENTE UNIÓN POR LA PATRIA - SAN JUAN,VAMOS SAN JUAN,SAN JUAN,SENADORES NACIONALES,SUPLENTES,1,HUGO OSCAR DIAZ,M,60
FRENTE UNIÓN POR LA PATRIA - SAN JUAN,VAMOS SAN JUAN,SAN JUAN,SENADORES NACIONALES,SUPLENTES,2,MARCELA GEMA MONTI,F,46
LA LIBERTAD AVANZA,IDEAS DE LA LIBERTAD,SAN JUAN,SENADORES NACIONALES,TITULARES,1,BRUNO ANTONIO OLIVERA LUCERO,M,36
LA LIBERTAD AVANZA,IDEAS DE LA LIBERTAD,SAN JUAN,SENADORES NACIONALES,TITULARES,2,MARIANA ANTONELA CORIA,F,36
LA LIBERTAD AVANZA,IDEAS DE LA LIBERTAD,SAN JUAN,SENADORES NACIONALES,SUPLENTES,1,ENRIQUE DANIEL MONTAÑO,M,47
LA LIBERTAD AVANZA,IDEAS DE LA LIBERTAD,SAN JUAN,SENADORES NACIONALES,SUPLENTES,2,NOELIA MARIEL HERRERA IBAZETA,F,34
PARTIDO CRUZADA RENOVADORA,BLANCA UNIDAD,SAN JUAN,SENADORES NACIONALES,TITULARES,1,JOSE LUIS ALVARADO NARVAEZ,M,64
PARTIDO CRUZADA RENOVADORA,BLANCA UNIDAD,SAN JUAN,SENADORES NACIONALES,TITULARES,2,ADRIANA DEL VALLE AGUIRRE,F,59
PARTIDO CRUZADA RENOVADORA,BLANCA UNIDAD,SAN JUAN,SENADORES NACIONALES,SUPLENTES,1,FELIX ANTONIO JARA,M,65
PARTIDO CRUZADA RENOVADORA,BLANCA UNIDAD,SAN JUAN,SENADORES NACIONALES,SUPLENTES,2,MARIELA CRISTINA GARAY ORTIZ,F,51
PARTIDO MOVIMIENTO LIBRES DEL SUR - SIGLA L.D.S.,AZUL Y ROJO,SAN JUAN,SENADORES NACIONALES,TITULARES,1,JORGE DANIEL OCHOA RODRIGUEZ,M,46
PARTIDO MOVIMIENTO LIBRES DEL SUR - SIGLA L.D.S.,AZUL Y ROJO,SAN JUAN,SENADORES NACIONALES,TITULARES,2,SHIRLEY ROMINA PONCE MORTE,F,34
PARTIDO MOVIMIENTO LIBRES DEL SUR - SIGLA L.D.S.,AZUL Y ROJO,SAN JUAN,SENADORES NACIONALES,SUPLENTES,1,ROLANDO DIEGO RIVEROS,M,49
PARTIDO MOVIMIENTO LIBRES DEL SUR - SIGLA L.D.S.,AZUL Y ROJO,SAN JUAN,SENADORES NACIONALES,SUPLENTES,2,ISABEL GLADYS ELIZONDO,F,57
PARTIDO POPULAR,PRINCIPIO Y VALORES,SAN JUAN,SENADORES NACIONALES,TITULARES,1,ROBERTO EDUARDO NUÑEZ,M,51
PARTIDO POPULAR,PRINCIPIO Y VALORES,SAN JUAN,SENADORES NACIONALES,TITULARES,2,MARIA DE LOS ANGELES AVILA,F,42
PARTIDO POPULAR,PRINCIPIO Y VALORES,SAN JUAN,SENADORES NACIONALES,SUPLENTES,1,JUAN MANUEL AGÜERO,M,40
PARTIDO POPULAR,PRINCIPIO Y VALORES,SAN JUAN,SENADORES NACIONALES,SUPLENTES,2,MARIA ELIZABETH MOLINA,F,41
PARTIDO SOCIALISTA,HACEMOS UNIDOS POR SAN JUAN,SAN JUAN,SENADORES NACIONALES,TITULARES,1,LISANDRO NAHUEL CARDENAS BALMACEDA,M,34
PARTIDO SOCIALISTA,HACEMOS UNIDOS POR SAN JUAN,SAN JUAN,SENADORES NACIONALES,TITULARES,2,NELIDA DEL CARMEN PARRA,F,82
PARTIDO SOCIALISTA,HACEMOS UNIDOS POR SAN JUAN,SAN JUAN,SENADORES NACIONALES,SUPLENTES,1,LEONARDO RAUL DRAZIC,M,58
PARTIDO SOCIALISTA,HACEMOS UNIDOS POR SAN JUAN,SAN JUAN,SENADORES NACIONALES,SUPLENTES,2,VALERIA DEL VALLE QUINTANA,F,54
ALIANZA FRENTE DE IZQUIERDA Y DE TRABAJADORES UNIDAD  SAN LUIS,1B UNIDAD DE LUCHADORES Y LA IZQUIERDA,SAN LUIS,SENADORES NACIONALES,TITULARES,1,IVAN AMADO,M,37
ALIANZA FRENTE DE IZQUIERDA Y DE TRABAJADORES UNIDAD  SAN LUIS,1B UNIDAD DE LUCHADORES Y LA IZQUIERDA,SAN LUIS,SENADORES NACIONALES,TITULARES,2,SUSANA AMIEVA,F,63
ALIANZA FRENTE DE IZQUIERDA Y DE TRABAJADORES UNIDAD  SAN LUIS,1B UNIDAD DE LUCHADORES Y LA IZQUIERDA,SAN LUIS,SENADORES NACIONALES,SUPLENTES,1,JOSE LUIS SOLOA,M,48
ALIANZA FRENTE DE IZQUIERDA Y DE TRABAJADORES UNIDAD  SAN LUIS,1B UNIDAD DE LUCHADORES Y LA IZQUIERDA,SAN LUIS,SENADORES NACIONALES,SUPLENTES,2,MARCELA DAGFAL,F,60
ALIANZA FRENTE DE IZQUIERDA Y DE TRABAJADORES UNIDAD  SAN LUIS,UNIR Y FORTALECER LA IZQUIERDA (1A),SAN LUIS,SENADORES NACIONALES,TITULARES,1,JOHANA GOMEZ,F,35
ALIANZA FRENTE DE IZQUIERDA Y DE TRABAJADORES UNIDAD  SAN LUIS,UNIR Y FORTALECER LA IZQUIERDA (1A),SAN LUIS,SENADORES NACIONALES,TITULARES,2,NAHUEL ARIAS,M,33
ALIANZA FRENTE DE IZQUIERDA Y DE TRABAJADORES UNIDAD  SAN LUIS,UNIR Y FORTALECER LA IZQUIERDA (1A),SAN LUIS,SENADORES NACIONALES,SUPLENTES,1,SANDRA PONZIO,F,58
ALIANZA FRENTE DE IZQUIERDA Y DE TRABAJADORES UNIDAD  SAN LUIS,UNIR Y FORTALECER LA IZQUIERDA (1A),SAN LUIS,SENADORES NACIONALES,SUPLENTES,2,LUIS LOYOLA,M,42
ALIANZA LA LIBERTAD AVANZA SAN LUIS,DOGMA LIBERTARIO,SAN LUIS,SENADORES NACIONALES,TITULARES,1,BARTOLOME ESTEBAN ABDALA,M,59
ALIANZA LA LIBERTAD AVANZA SAN LUIS,DOGMA LIBERTARIO,SAN LUIS,SENADORES NACIONALES,TITULARES,2,IVANNA MARCELA ARRASCAETA,F,43
ALIANZA LA LIBERTAD AVANZA SAN LUIS,DOGMA LIBERTARIO,SAN LUIS,SENADORES NACIONALES,SUPLENTES,1,CARLOS OMAR VILA,M,60
ALIANZA LA LIBERTAD AVANZA SAN LUIS,DOGMA LIBERTARIO,SAN LUIS,SENADORES NACIONALES,SUPLENTES,2,GISELA ANABELLA GALINDEZ,F,48
JUNTOS POR EL CAMBIO  SAN LUIS,EL CAMBIO DE NUESTRAS VIDAS,SAN LUIS,SENADORES NACIONALES,TITULARES,1,GABRIELA GONZALEZ RIOLLO,F,38
JUNTOS POR EL CAMBIO  SAN LUIS,EL CAMBIO DE NUESTRAS VIDAS,SAN LUIS,SENADORES NACIONALES,TITULARES,2,FEDERICO ALBERTO TROMBOTTO,M,52
JUNTOS POR EL CAMBIO  SAN LUIS,EL CAMBIO DE NUESTRAS VIDAS,SAN LUIS,SENADORES NACIONALES,SUPLENTES,1,MARIA EUGENIA FERNANDEZ BERGESE,F,36
JUNTOS POR EL CAMBIO  SAN LUIS,EL CAMBIO DE NUESTRAS VIDAS,SAN LUIS,SENADORES NACIONALES,SUPLENTES,2,WALDO AMÉRICO PEREZ,M,58
JUNTOS POR EL CAMBIO  SAN LUIS,LA FUERZA DEL CAMBIO,SAN LUIS,SENADORES NACIONALES,TITULARES,1,JORGE ALBERTO LUCERO,M,55
JUNTOS POR EL CAMBIO  SAN LUIS,LA FUERZA DEL CAMBIO,SAN LUIS,SENADORES NACIONALES,TITULARES,2,SANDRA ELIZABETH BARROSO,F,56
JUNTOS POR EL CAMBIO  SAN LUIS,LA FUERZA DEL CAMBIO,SAN LUIS,SENADORES NACIONALES,SUPLENTES,1,DANIEL FEDERICO BERRO,M,33
JUNTOS POR EL CAMBIO  SAN LUIS,LA FUERZA DEL CAMBIO,SAN LUIS,SENADORES NACIONALES,SUPLENTES,2,NOELIA INES VERED,F,35
MOVIMIENTO AL SOCIALISMO SAN LUIS,IZQUIERDA ANTICAPITALISTA,SAN LUIS,SENADORES NACIONALES,TITULARES,1,JUAN MARIO MIGANI,M,67
MOVIMIENTO AL SOCIALISMO SAN LUIS,IZQUIERDA ANTICAPITALISTA,SAN LUIS,SENADORES NACIONALES,TITULARES,2,ANAHI JAZMIN GALLARDO LUNA,F,33
MOVIMIENTO AL SOCIALISMO SAN LUIS,IZQUIERDA ANTICAPITALISTA,SAN LUIS,SENADORES NACIONALES,SUPLENTES,1,FRANCO SANTIAGO BARBERO,M,36
MOVIMIENTO AL SOCIALISMO SAN LUIS,IZQUIERDA ANTICAPITALISTA,SAN LUIS,SENADORES NACIONALES,SUPLENTES,2,ANA CELIA VILLEGAS,F,58
MOVIMIENTO LIBRES DEL SUR SAN LUIS,AZUL Y ROJO,SAN LUIS,SENADORES NACIONALES,TITULARES,1,JOAQUIN EMILIO MANSILLA,M,43
MOVIMIENTO LIBRES DEL SUR SAN LUIS,AZUL Y ROJO,SAN LUIS,SENADORES NACIONALES,TITULARES,2,CECILIA ALEJANDRA RIQUELME,F,33
MOVIMIENTO LIBRES DEL SUR SAN LUIS,AZUL Y ROJO,SAN LUIS,SENADORES NACIONALES,SUPLENTES,1,DAMIAN AUGUSTO FLORES,M,32
MOVIMIENTO LIBRES DEL SUR SAN LUIS,AZUL Y ROJO,SAN LUIS,SENADORES NACIONALES,SUPLENTES,2,CLAUDIA GABRIELA RODRIGUEZ,F,47
PARTIDO DEMOCRATA SAN LUIS,DEMOCRATAS POR LA LIBERTAD,SAN LUIS,SENADORES NACIONALES,TITULARES,1,ALICIA ROMER,F,73
PARTIDO DEMOCRATA SAN LUIS,DEMOCRATAS POR LA LIBERTAD,SAN LUIS,SENADORES NACIONALES,TITULARES,2,MAURICIO ANDRES PESTCHANKER,M,39
PARTIDO DEMOCRATA SAN LUIS,DEMOCRATAS POR LA LIBERTAD,SAN LUIS,SENADORES NACIONALES,SUPLENTES,1,CLAUDIA NOGUEIRA,F,48
PARTIDO DEMOCRATA SAN LUIS,DEMOCRATAS POR LA LIBERTAD,SAN LUIS,SENADORES NACIONALES,SUPLENTES,2,PABLO BIANCHI,M,70
PARTIDO UNION Y LIBERTAD SAN LUIS,L1,SAN LUIS,SENADORES NACIONALES,TITULARES,1,EDUARDO JORGE GOMINA,M,61
PARTIDO UNION Y LIBERTAD SAN LUIS,L1,SAN LUIS,SENADORES NACIONALES,TITULARES,2,PAMELA PAOLA PARDO,F,33
PARTIDO UNION Y LIBERTAD SAN LUIS,L1,SAN LUIS,SENADORES NACIONALES,SUPLENTES,1,DIEGO SEBASTIAN BARRERA,M,45
PARTIDO UNION Y LIBERTAD SAN LUIS,L1,SAN LUIS,SENADORES NACIONALES,SUPLENTES,2,MARIA ELIA LEYES,F,46
UNION POR SAN LUIS,CELESTE UNIDAD,SAN LUIS,SENADORES NACIONALES,TITULARES,1,FERNANDO ALDO SALINO,M,63
UNION POR SAN LUIS,CELESTE UNIDAD,SAN LUIS,SENADORES NACIONALES,TITULARES,2,CINTIA MARINA RAMIREZ,F,35
UNION POR SAN LUIS,CELESTE UNIDAD,SAN LUIS,SENADORES NACIONALES,SUPLENTES,1,FERNANDO EDUARDO LARROUDE,M,53
UNION POR SAN LUIS,CELESTE UNIDAD,SAN LUIS,SENADORES NACIONALES,SUPLENTES,2,JOSEFINA DEL VALLE ALDANA,F,71
AGRUPACION MOVIMIENTO AL SOCIALISMO,IZQUIERDA ANTICAPITALISTA,SANTA CRUZ,SENADORES NACIONALES,TITULARES,1,FELIPE ANDRES CERVINE,M,77
AGRUPACION MOVIMIENTO AL SOCIALISMO,IZQUIERDA ANTICAPITALISTA,SANTA CRUZ,SENADORES NACIONALES,TITULARES,2,ROSA CLARA IRUSTA,F,66
AGRUPACION MOVIMIENTO AL SOCIALISMO,IZQUIERDA ANTICAPITALISTA,SANTA CRUZ,SENADORES NACIONALES,SUPLENTES,1,LEONARDO NICOLAS MORALES,M,39
AGRUPACION MOVIMIENTO AL SOCIALISMO,IZQUIERDA ANTICAPITALISTA,SANTA CRUZ,SENADORES NACIONALES,SUPLENTES,2,CYNTHIA PAMELA MUÑOZ,F,37
ALIANZA CAMBIA SANTA CRUZ,EL CAMBIO DE NUESTRAS VIDAS,SANTA CRUZ,SENADORES NACIONALES,TITULARES,1,EDUARDO COSTA,M,62
ALIANZA CAMBIA SANTA CRUZ,EL CAMBIO DE NUESTRAS VIDAS,SANTA CRUZ,SENADORES NACIONALES,TITULARES,2,ANDREA GALLEGOS,F,36
ALIANZA CAMBIA SANTA CRUZ,EL CAMBIO DE NUESTRAS VIDAS,SANTA CRUZ,SENADORES NACIONALES,SUPLENTES,1,CESAR GUATTI,M,63
ALIANZA CAMBIA SANTA CRUZ,EL CAMBIO DE NUESTRAS VIDAS,SANTA CRUZ,SENADORES NACIONALES,SUPLENTES,2,SUSANA TOLEDO,F,52
ALIANZA CAMBIA SANTA CRUZ,SUMAMOS FUERZAS EN SANTA CRUZ,SANTA CRUZ,SENADORES NACIONALES,TITULARES,1,MARIA BELEN TAPIA,F,50
ALIANZA CAMBIA SANTA CRUZ,SUMAMOS FUERZAS EN SANTA CRUZ,SANTA CRUZ,SENADORES NACIONALES,TITULARES,2,CARLOS JORGE ZIEHLKE,M,65
ALIANZA CAMBIA SANTA CRUZ,SUMAMOS FUERZAS EN SANTA CRUZ,SANTA CRUZ,SENADORES NACIONALES,SUPLENTES,1,LUZ MARISOL MALDONADO,F,45
ALIANZA CAMBIA SANTA CRUZ,SUMAMOS FUERZAS EN SANTA CRUZ,SANTA CRUZ,SENADORES NACIONALES,SUPLENTES,2,PEDRO DE CARLI,M,57
ALIANZA FRENTE DE IZQUIERDA Y DE LOS TRABAJADORES-UNIDAD,1A UNIDAD DE LUCHADORES Y LA IZQUIERDA,SANTA CRUZ,SENADORES NACIONALES,TITULARES,1,MIGUEL DEL PLA,M,71
ALIANZA FRENTE DE IZQUIERDA Y DE LOS TRABAJADORES-UNIDAD,1A UNIDAD DE LUCHADORES Y LA IZQUIERDA,SANTA CRUZ,SENADORES NACIONALES,TITULARES,2,YESICA PAOLA AGUILAR,F,35
ALIANZA FRENTE DE IZQUIERDA Y DE LOS TRABAJADORES-UNIDAD,1A UNIDAD DE LUCHADORES Y LA IZQUIERDA,SANTA CRUZ,SENADORES NACIONALES,SUPLENTES,1,PABLO JAVIER GARCIA,M,37
ALIANZA FRENTE DE IZQUIERDA Y DE LOS TRABAJADORES-UNIDAD,1A UNIDAD DE LUCHADORES Y LA IZQUIERDA,SANTA CRUZ,SENADORES NACIONALES,SUPLENTES,2,ANALIA ROMINA VARGAS,F,38
ALIANZA FRENTE DE IZQUIERDA Y DE LOS TRABAJADORES-UNIDAD,1A UNIR Y FORTALECER LA IZQUIERDA,SANTA CRUZ,SENADORES NACIONALES,TITULARES,1,MARCELA DEL CARMEN CHAILE,F,49
ALIANZA FRENTE DE IZQUIERDA Y DE LOS TRABAJADORES-UNIDAD,1A UNIR Y FORTALECER LA IZQUIERDA,SANTA CRUZ,SENADORES NACIONALES,TITULARES,2,ERNESTO ANGEL VALDIVIEZO,M,46
ALIANZA FRENTE DE IZQUIERDA Y DE LOS TRABAJADORES-UNIDAD,1A UNIR Y FORTALECER LA IZQUIERDA,SANTA CRUZ,SENADORES NACIONALES,SUPLENTES,1,IRMA INES TEJERINA,F,51
ALIANZA FRENTE DE IZQUIERDA Y DE LOS TRABAJADORES-UNIDAD,1A UNIR Y FORTALECER LA IZQUIERDA,SANTA CRUZ,SENADORES NACIONALES,SUPLENTES,2,DANIEL OSVALDO GIMENEZ,M,49
ALIANZA POR SANTA CRUZ,HACER SANTA CRUZ,SANTA CRUZ,SENADORES NACIONALES,TITULARES,1,JOSE MARIA CARAMBIA,M,39
ALIANZA POR SANTA CRUZ,HACER SANTA CRUZ,SANTA CRUZ,SENADORES NACIONALES,TITULARES,2,NATALIA ELENA GADANO,F,41
ALIANZA POR SANTA CRUZ,HACER SANTA CRUZ,SANTA CRUZ,SENADORES NACIONALES,SUPLENTES,1,JAIME HORACIO ALVAREZ,M,54
ALIANZA POR SANTA CRUZ,HACER SANTA CRUZ,SANTA CRUZ,SENADORES NACIONALES,SUPLENTES,2,ETELVINA DEL CARMEN ROJAS,F,63
ALIANZA UNION POR LA PATRIA,ACUERDO SANTACRUCEÑO,SANTA CRUZ,SENADORES NACIONALES,TITULARES,1,ALICIA KIRCHNER,F,77
ALIANZA UNION POR LA PATRIA,ACUERDO SANTACRUCEÑO,SANTA CRUZ,SENADORES NACIONALES,TITULARES,2,PABLO GONZALEZ,M,55
ALIANZA UNION POR LA PATRIA,ACUERDO SANTACRUCEÑO,SANTA CRUZ,SENADORES NACIONALES,SUPLENTES,1,LORENA ELIANA BELTRAN,F,43
ALIANZA UNION POR LA PATRIA,ACUERDO SANTACRUCEÑO,SANTA CRUZ,SENADORES NACIONALES,SUPLENTES,2,SERGIO ROBERTO VIOTTI,M,54
