,Lista,Candidatos,Votos,perc_interna,percAbs,Name,Partido
0,A- CELESTE Y BLANCA,MASSA-ROSSI,2069920,73.11,23.48,Buenos Aires,UNION POR LA PATRIA
1,B- JUSTA Y SOBERANA,GRABOIS-ABAL MEDINA,761158,26.88,8.63,Buenos Aires,UNION POR LA PATRIA
2,B- LA FUERZA DEL CAMBIO,BULLRICH-PETRI,1448907,56.42,16.44,Buenos Aires,JUNTOS POR EL CAMBIO
3,A- EL CAMBIO DE NUESTRAS VIDAS,RODRIGUEZ LARRETA-MORALES,1118933,43.57,12.69,Buenos Aires,JUNTOS POR EL CAMBIO
4,A- LIBERTAD POR SIEMPRE,MILEI-VILLARRUEL,2161679,100.0,24.52,Buenos Aires,LA LIBERTAD AVANZA
5,A- UNIR Y FORTALECER LA IZQUIERDA,BREGMAN-DEL CAÑO,209110,71.22,2.37,Buenos Aires,FRENTE DE IZQUIERDA Y DE TRABAJADORES - UNIDAD
6,B- UNIDAD DE LUCHADORES Y LA IZQUIERDA,SOLANO-RIPOLL,84491,28.77,0.95,Buenos Aires,FRENTE DE IZQUIERDA Y DE TRABAJADORES - UNIDAD
7,A- HACEMOS,SCHIARETTI-RANDAZZO,97586,100.0,1.1,Buenos Aires,HACEMOS POR NUESTRO PAIS
8,"1A- TIERRA, TECHO  Y TRABAJO",MORENO-FABRE,77614,100.0,0.88,Buenos Aires,PRINCIPIOS Y VALORES
9,A- AZUL Y ROJO,ESCOBAR-LEZAMA HID,41840,100.0,0.47,Buenos Aires,MOVIMIENTO LIBRES DEL SUR
10,B- CONFEDERAL,CÚNEO-BARRANCO,25324,72.91,0.28,Buenos Aires,MOVIMIENTO IZQUIERDA JUVENTUD Y DIGNIDAD
11,A- DIGNIDAD,CASTELLS-REINOSO,9405,27.08,0.1,Buenos Aires,MOVIMIENTO IZQUIERDA JUVENTUD Y DIGNIDAD
12,A- IZQUIERDA ANTICAPITALISTA,CASTAÑEIRA-RUIZ,32230,100.0,0.36,Buenos Aires,MOVIMIENTO AL SOCIALISMO
13,A- PRIMERO LA PATRIA,BIONDINI-AVENDAÑO,19974,100.0,0.22,Buenos Aires,FRENTE PATRIOTA FEDERAL
14,A- UNIDAD OBRERA,RAMAL-URONES,19572,100.0,0.22,Buenos Aires,POLITICA OBRERA
15,A- COALICION PAZ DEMOCRACIA SOBERANIA,GIARDINELLI-SOLERNOU,7317,44.51,0.08,Buenos Aires,PROYECTO JOVEN
16,B- PATRIA UNIDA,AYERBE-RODRIGUEZ,7060,42.94,0.08,Buenos Aires,PROYECTO JOVEN
17,C- TODEX,IBAÑEZ-IBARRA,2062,12.54,0.02,Buenos Aires,PROYECTO JOVEN
18,B- RECONQUISTA,VASENA-LAGONEGRO,10159,64.2,0.11,Buenos Aires,FRENTE LIBER.AR
19,A- DEMOS,ETCHEPARE-LORENZO,4675,29.54,0.05,Buenos Aires,FRENTE LIBER.AR
20,C- ANTICORRUPCIÓN,BARBARO-PUCHETA,989,6.25,0.01,Buenos Aires,FRENTE LIBER.AR
21,A- COMPROMISO VECINAL,ALBARRACIN-PASTORE,12795,100.0,0.14,Buenos Aires,MOVIMIENTO DE ACCION VECINAL
22,A- APERTURA LIBERAL ARGENTINA,PASSAMONTI-FERNANDEZ,7400,100.0,0.08,Buenos Aires,UNION DEL CENTRO DEMOCRATICO
23,A- CELESTE Y BLANCA,MASSA-ROSSI,83099,94.95,38.2,Catamarca,UNION POR LA PATRIA
24,B- JUSTA Y SOBERANA,GRABOIS-ABAL MEDINA,4414,5.04,2.02,Catamarca,UNION POR LA PATRIA
25,A- LIBERTAD POR SIEMPRE,MILEI-VILLARRUEL,53778,100.0,24.72,Catamarca,LA LIBERTAD AVANZA
26,B- LA FUERZA DEL CAMBIO,BULLRICH-PETRI,24046,53.98,11.05,Catamarca,JUNTOS POR EL CAMBIO
27,A- EL CAMBIO DE NUESTRAS VIDAS,RODRIGUEZ LARRETA-MORALES,20498,46.01,9.42,Catamarca,JUNTOS POR EL CAMBIO
28,A- HACEMOS,SCHIARETTI-RANDAZZO,3530,100.0,1.62,Catamarca,HACEMOS POR NUESTRO PAIS
29,B- UNIDAD DE LUCHADORES Y LA IZQUIERDA,SOLANO-RIPOLL,1580,56.38,0.72,Catamarca,FRENTE DE IZQUIERDA Y DE TRABAJADORES - UNIDAD
30,A- UNIR Y FORTALECER LA IZQUIERDA,BREGMAN-DEL CAÑO,1222,43.61,0.56,Catamarca,FRENTE DE IZQUIERDA Y DE TRABAJADORES - UNIDAD
31,A- AZUL Y ROJO,ESCOBAR-LEZAMA HID,1245,100.0,0.57,Catamarca,MOVIMIENTO LIBRES DEL SUR
32,A- UNIDAD OBRERA,RAMAL-URONES,745,100.0,0.34,Catamarca,POLITICA OBRERA
33,B- CONFEDERAL,CÚNEO-BARRANCO,323,55.02,0.14,Catamarca,MOVIMIENTO IZQUIERDA JUVENTUD Y DIGNIDAD
34,A- DIGNIDAD,CASTELLS-REINOSO,264,44.97,0.12,Catamarca,MOVIMIENTO IZQUIERDA JUVENTUD Y DIGNIDAD
35,A- IZQUIERDA ANTICAPITALISTA,CASTAÑEIRA-RUIZ,557,100.0,0.25,Catamarca,MOVIMIENTO AL SOCIALISMO
36,A- PRIMERO LA PATRIA,BIONDINI-AVENDAÑO,394,100.0,0.18,Catamarca,FRENTE PATRIOTA FEDERAL
37,A- COMPROMISO VECINAL,ALBARRACIN-PASTORE,385,100.0,0.17,Catamarca,MOVIMIENTO DE ACCION VECINAL
38,"1A- TIERRA, TECHO  Y TRABAJO",MORENO-FABRE,67,82.71,0.03,Catamarca,PRINCIPIOS Y VALORES
39,2B- TRANSFORMAR,MARTINEZ-SOUTO,7,8.64,0.01,Catamarca,PRINCIPIOS Y VALORES
40,3C- TRES BANDERAS,OLIVER-SAN MARTIN,3,3.7,0.01,Catamarca,PRINCIPIOS Y VALORES
41,4D- GENTE DE TRABAJO,BARTOLINI-GOMEZ,3,3.7,0.01,Catamarca,PRINCIPIOS Y VALORES
42,5E- LABORISTA,ARIAS-VERA,1,1.23,0.01,Catamarca,PRINCIPIOS Y VALORES
43,C- ANTICORRUPCIÓN,BARBARO-PUCHETA,57,87.69,0.02,Catamarca,FRENTE LIBER.AR
44,A- DEMOS,ETCHEPARE-LORENZO,7,10.76,0.01,Catamarca,FRENTE LIBER.AR
45,B- RECONQUISTA,VASENA-LAGONEGRO,1,1.53,0.01,Catamarca,FRENTE LIBER.AR
46,A- COALICION PAZ DEMOCRACIA SOBERANIA,GIARDINELLI-SOLERNOU,13,65.0,0.01,Catamarca,PROYECTO JOVEN
47,B- PATRIA UNIDA,AYERBE-RODRIGUEZ,4,20.0,0.01,Catamarca,PROYECTO JOVEN
48,C- TODEX,IBAÑEZ-IBARRA,3,15.0,0.01,Catamarca,PROYECTO JOVEN
49,A- APERTURA LIBERAL ARGENTINA,PASSAMONTI-FERNANDEZ,17,100.0,0.01,Catamarca,UNION DEL CENTRO DEMOCRATICO
50,A- CELESTE Y BLANCA,MASSA-ROSSI,199837,92.4,32.01,Chaco,UNION POR LA PATRIA
51,B- JUSTA Y SOBERANA,GRABOIS-ABAL MEDINA,16420,7.59,2.63,Chaco,UNION POR LA PATRIA
52,A- LIBERTAD POR SIEMPRE,MILEI-VILLARRUEL,180599,100.0,28.93,Chaco,LA LIBERTAD AVANZA
53,B- LA FUERZA DEL CAMBIO,BULLRICH-PETRI,96192,58.04,15.41,Chaco,JUNTOS POR EL CAMBIO
54,A- EL CAMBIO DE NUESTRAS VIDAS,RODRIGUEZ LARRETA-MORALES,69529,41.95,11.14,Chaco,JUNTOS POR EL CAMBIO
55,A- HACEMOS,SCHIARETTI-RANDAZZO,8833,100.0,1.41,Chaco,HACEMOS POR NUESTRO PAIS
56,B- UNIDAD DE LUCHADORES Y LA IZQUIERDA,SOLANO-RIPOLL,4125,53.5,0.66,Chaco,FRENTE DE IZQUIERDA Y DE TRABAJADORES - UNIDAD
57,A- UNIR Y FORTALECER LA IZQUIERDA,BREGMAN-DEL CAÑO,3585,46.49,0.57,Chaco,FRENTE DE IZQUIERDA Y DE TRABAJADORES - UNIDAD
58,A- AZUL Y ROJO,ESCOBAR-LEZAMA HID,6141,100.0,0.98,Chaco,MOVIMIENTO LIBRES DEL SUR
59,"1A- TIERRA, TECHO  Y TRABAJO",MORENO-FABRE,4150,98.06,0.66,Chaco,PRINCIPIOS Y VALORES
60,2B- TRANSFORMAR,MARTINEZ-SOUTO,44,1.03,0.01,Chaco,PRINCIPIOS Y VALORES
61,3C- TRES BANDERAS,OLIVER-SAN MARTIN,15,0.35,0.01,Chaco,PRINCIPIOS Y VALORES
62,5E- LABORISTA,ARIAS-VERA,14,0.33,0.01,Chaco,PRINCIPIOS Y VALORES
63,4D- GENTE DE TRABAJO,BARTOLINI-GOMEZ,9,0.21,0.01,Chaco,PRINCIPIOS Y VALORES
64,A- IZQUIERDA ANTICAPITALISTA,CASTAÑEIRA-RUIZ,2437,100.0,0.39,Chaco,MOVIMIENTO AL SOCIALISMO
65,B- CONFEDERAL,CÚNEO-BARRANCO,1156,51.06,0.18,Chaco,MOVIMIENTO IZQUIERDA JUVENTUD Y DIGNIDAD
66,A- DIGNIDAD,CASTELLS-REINOSO,1108,48.93,0.17,Chaco,MOVIMIENTO IZQUIERDA JUVENTUD Y DIGNIDAD
67,A- UNIDAD OBRERA,RAMAL-URONES,2035,100.0,0.32,Chaco,POLITICA OBRERA
68,A- PRIMERO LA PATRIA,BIONDINI-AVENDAÑO,1490,100.0,0.23,Chaco,FRENTE PATRIOTA FEDERAL
69,A- COMPROMISO VECINAL,ALBARRACIN-PASTORE,1211,100.0,0.19,Chaco,MOVIMIENTO DE ACCION VECINAL
70,C- ANTICORRUPCIÓN,BARBARO-PUCHETA,130,51.38,0.02,Chaco,FRENTE LIBER.AR
71,B- RECONQUISTA,VASENA-LAGONEGRO,77,30.43,0.01,Chaco,FRENTE LIBER.AR
72,A- DEMOS,ETCHEPARE-LORENZO,46,18.18,0.01,Chaco,FRENTE LIBER.AR
73,B- PATRIA UNIDA,AYERBE-RODRIGUEZ,84,65.11,0.01,Chaco,PROYECTO JOVEN
74,A- COALICION PAZ DEMOCRACIA SOBERANIA,GIARDINELLI-SOLERNOU,39,30.23,0.01,Chaco,PROYECTO JOVEN
75,C- TODEX,IBAÑEZ-IBARRA,6,4.65,0.01,Chaco,PROYECTO JOVEN
76,A- APERTURA LIBERAL ARGENTINA,PASSAMONTI-FERNANDEZ,21,100.0,0.01,Chaco,UNION DEL CENTRO DEMOCRATICO
77,A- LIBERTAD POR SIEMPRE,MILEI-VILLARRUEL,124030,100.0,39.4,Chubut,LA LIBERTAD AVANZA
78,B- LA FUERZA DEL CAMBIO,BULLRICH-PETRI,46785,61.07,14.86,Chubut,JUNTOS POR EL CAMBIO
79,A- EL CAMBIO DE NUESTRAS VIDAS,RODRIGUEZ LARRETA-MORALES,29818,38.92,9.47,Chubut,JUNTOS POR EL CAMBIO
80,A- CELESTE Y BLANCA,MASSA-ROSSI,52536,73.13,16.69,Chubut,UNION POR LA PATRIA
81,B- JUSTA Y SOBERANA,GRABOIS-ABAL MEDINA,19294,26.86,6.13,Chubut,UNION POR LA PATRIA
82,A- UNIR Y FORTALECER LA IZQUIERDA,BREGMAN-DEL CAÑO,6656,63.88,2.11,Chubut,FRENTE DE IZQUIERDA Y DE TRABAJADORES - UNIDAD
83,B- UNIDAD DE LUCHADORES Y LA IZQUIERDA,SOLANO-RIPOLL,3763,36.11,1.19,Chubut,FRENTE DE IZQUIERDA Y DE TRABAJADORES - UNIDAD
84,A- HACEMOS,SCHIARETTI-RANDAZZO,7587,100.0,2.41,Chubut,HACEMOS POR NUESTRO PAIS
85,"1A- TIERRA, TECHO  Y TRABAJO",MORENO-FABRE,3094,98.94,0.98,Chubut,PRINCIPIOS Y VALORES
86,5E- LABORISTA,ARIAS-VERA,17,0.54,0.01,Chubut,PRINCIPIOS Y VALORES
87,3C- TRES BANDERAS,OLIVER-SAN MARTIN,15,0.47,0.01,Chubut,PRINCIPIOS Y VALORES
88,4D- GENTE DE TRABAJO,BARTOLINI-GOMEZ,1,0.03,0.01,Chubut,PRINCIPIOS Y VALORES
89,A- IZQUIERDA ANTICAPITALISTA,CASTAÑEIRA-RUIZ,1959,100.0,0.62,Chubut,MOVIMIENTO AL SOCIALISMO
90,A- AZUL Y ROJO,ESCOBAR-LEZAMA HID,1926,100.0,0.61,Chubut,MOVIMIENTO LIBRES DEL SUR
91,A- UNIDAD OBRERA,RAMAL-URONES,1367,100.0,0.43,Chubut,POLITICA OBRERA
92,B- CONFEDERAL,CÚNEO-BARRANCO,1022,88.86,0.32,Chubut,MOVIMIENTO IZQUIERDA JUVENTUD Y DIGNIDAD
93,A- DIGNIDAD,CASTELLS-REINOSO,128,11.13,0.04,Chubut,MOVIMIENTO IZQUIERDA JUVENTUD Y DIGNIDAD
94,A- PRIMERO LA PATRIA,BIONDINI-AVENDAÑO,905,100.0,0.28,Chubut,FRENTE PATRIOTA FEDERAL
95,A- COMPROMISO VECINAL,ALBARRACIN-PASTORE,819,100.0,0.26,Chubut,MOVIMIENTO DE ACCION VECINAL
96,C- ANTICORRUPCIÓN,BARBARO-PUCHETA,90,56.6,0.02,Chubut,FRENTE LIBER.AR
97,B- RECONQUISTA,VASENA-LAGONEGRO,63,39.62,0.02,Chubut,FRENTE LIBER.AR
98,A- DEMOS,ETCHEPARE-LORENZO,6,3.77,0.01,Chubut,FRENTE LIBER.AR
99,A- APERTURA LIBERAL ARGENTINA,PASSAMONTI-FERNANDEZ,96,100.0,0.03,Chubut,UNION DEL CENTRO DEMOCRATICO
100,A- COALICION PAZ DEMOCRACIA SOBERANIA,GIARDINELLI-SOLERNOU,27,36.0,0.01,Chubut,PROYECTO JOVEN
101,B- PATRIA UNIDA,AYERBE-RODRIGUEZ,26,34.66,0.01,Chubut,PROYECTO JOVEN
102,C- TODEX,IBAÑEZ-IBARRA,22,29.33,0.01,Chubut,PROYECTO JOVEN
103,B- LA FUERZA DEL CAMBIO,BULLRICH-PETRI,476010,58.53,28.28,Capital Federal,JUNTOS POR EL CAMBIO
104,A- EL CAMBIO DE NUESTRAS VIDAS,RODRIGUEZ LARRETA-MORALES,337254,41.46,20.03,Capital Federal,JUNTOS POR EL CAMBIO
105,A- CELESTE Y BLANCA,MASSA-ROSSI,276942,69.74,16.45,Capital Federal,UNION POR LA PATRIA
106,B- JUSTA Y SOBERANA,GRABOIS-ABAL MEDINA,120112,30.25,7.13,Capital Federal,UNION POR LA PATRIA
107,A- LIBERTAD POR SIEMPRE,MILEI-VILLARRUEL,299097,100.0,17.77,Capital Federal,LA LIBERTAD AVANZA
108,A- UNIR Y FORTALECER LA IZQUIERDA,BREGMAN-DEL CAÑO,62254,79.79,3.69,Capital Federal,FRENTE DE IZQUIERDA Y DE TRABAJADORES - UNIDAD
109,B- UNIDAD DE LUCHADORES Y LA IZQUIERDA,SOLANO-RIPOLL,15760,20.2,0.93,Capital Federal,FRENTE DE IZQUIERDA Y DE TRABAJADORES - UNIDAD
110,"1A- TIERRA, TECHO  Y TRABAJO",MORENO-FABRE,22233,100.0,1.32,Capital Federal,PRINCIPIOS Y VALORES
111,A- HACEMOS,SCHIARETTI-RANDAZZO,15886,100.0,0.94,Capital Federal,HACEMOS POR NUESTRO PAIS
112,A- IZQUIERDA ANTICAPITALISTA,CASTAÑEIRA-RUIZ,7198,100.0,0.42,Capital Federal,MOVIMIENTO AL SOCIALISMO
113,B- CONFEDERAL,CÚNEO-BARRANCO,4937,79.8,0.29,Capital Federal,MOVIMIENTO IZQUIERDA JUVENTUD Y DIGNIDAD
114,A- DIGNIDAD,CASTELLS-REINOSO,1249,20.19,0.07,Capital Federal,MOVIMIENTO IZQUIERDA JUVENTUD Y DIGNIDAD
115,A- UNIDAD OBRERA,RAMAL-URONES,4454,100.0,0.26,Capital Federal,POLITICA OBRERA
116,A- AZUL Y ROJO,ESCOBAR-LEZAMA HID,3754,100.0,0.22,Capital Federal,MOVIMIENTO LIBRES DEL SUR
117,A- PRIMERO LA PATRIA,BIONDINI-AVENDAÑO,2715,100.0,0.16,Capital Federal,FRENTE PATRIOTA FEDERAL
118,A- COMPROMISO VECINAL,ALBARRACIN-PASTORE,2691,100.0,0.15,Capital Federal,MOVIMIENTO DE ACCION VECINAL
119,A- APERTURA LIBERAL ARGENTINA,PASSAMONTI-FERNANDEZ,2230,100.0,0.13,Capital Federal,UNION DEL CENTRO DEMOCRATICO
120,C- ANTICORRUPCIÓN,BARBARO-PUCHETA,105,62.87,0.01,Capital Federal,FRENTE LIBER.AR
121,A- DEMOS,ETCHEPARE-LORENZO,41,24.55,0.01,Capital Federal,FRENTE LIBER.AR
122,B- RECONQUISTA,VASENA-LAGONEGRO,21,12.57,0.01,Capital Federal,FRENTE LIBER.AR
123,C- TODEX,IBAÑEZ-IBARRA,23,37.7,0.01,Capital Federal,PROYECTO JOVEN
124,B- PATRIA UNIDA,AYERBE-RODRIGUEZ,20,32.78,0.01,Capital Federal,PROYECTO JOVEN
125,A- COALICION PAZ DEMOCRACIA SOBERANIA,GIARDINELLI-SOLERNOU,18,29.5,0.01,Capital Federal,PROYECTO JOVEN
126,B- LA FUERZA DEL CAMBIO,BULLRICH-PETRI,145964,68.49,23.48,Corrientes,JUNTOS POR EL CAMBIO
127,A- EL CAMBIO DE NUESTRAS VIDAS,RODRIGUEZ LARRETA-MORALES,67140,31.5,10.8,Corrientes,JUNTOS POR EL CAMBIO
128,A- CELESTE Y BLANCA,MASSA-ROSSI,161865,88.61,26.03,Corrientes,UNION POR LA PATRIA
129,B- JUSTA Y SOBERANA,GRABOIS-ABAL MEDINA,20793,11.38,3.34,Corrientes,UNION POR LA PATRIA
130,A- LIBERTAD POR SIEMPRE,MILEI-VILLARRUEL,181456,100.0,29.18,Corrientes,LA LIBERTAD AVANZA
131,A- HACEMOS,SCHIARETTI-RANDAZZO,8929,100.0,1.43,Corrientes,HACEMOS POR NUESTRO PAIS
132,A- UNIR Y FORTALECER LA IZQUIERDA,BREGMAN-DEL CAÑO,3836,63.35,0.61,Corrientes,FRENTE DE IZQUIERDA Y DE TRABAJADORES - UNIDAD
133,B- UNIDAD DE LUCHADORES Y LA IZQUIERDA,SOLANO-RIPOLL,2219,36.64,0.35,Corrientes,FRENTE DE IZQUIERDA Y DE TRABAJADORES - UNIDAD
134,A- AZUL Y ROJO,ESCOBAR-LEZAMA HID,3770,100.0,0.6,Corrientes,MOVIMIENTO LIBRES DEL SUR
135,"1A- TIERRA, TECHO  Y TRABAJO",MORENO-FABRE,3189,97.04,0.51,Corrientes,PRINCIPIOS Y VALORES
136,2B- TRANSFORMAR,MARTINEZ-SOUTO,53,1.61,0.01,Corrientes,PRINCIPIOS Y VALORES
137,3C- TRES BANDERAS,OLIVER-SAN MARTIN,17,0.51,0.01,Corrientes,PRINCIPIOS Y VALORES
138,5E- LABORISTA,ARIAS-VERA,14,0.42,0.01,Corrientes,PRINCIPIOS Y VALORES
139,4D- GENTE DE TRABAJO,BARTOLINI-GOMEZ,13,0.39,0.01,Corrientes,PRINCIPIOS Y VALORES
140,A- IZQUIERDA ANTICAPITALISTA,CASTAÑEIRA-RUIZ,2686,100.0,0.43,Corrientes,MOVIMIENTO AL SOCIALISMO
141,B- CONFEDERAL,CÚNEO-BARRANCO,1169,56.01,0.18,Corrientes,MOVIMIENTO IZQUIERDA JUVENTUD Y DIGNIDAD
142,A- DIGNIDAD,CASTELLS-REINOSO,918,43.98,0.14,Corrientes,MOVIMIENTO IZQUIERDA JUVENTUD Y DIGNIDAD
143,A- UNIDAD OBRERA,RAMAL-URONES,1449,100.0,0.23,Corrientes,POLITICA OBRERA
144,A- COMPROMISO VECINAL,ALBARRACIN-PASTORE,1358,100.0,0.21,Corrientes,MOVIMIENTO DE ACCION VECINAL
145,A- PRIMERO LA PATRIA,BIONDINI-AVENDAÑO,969,100.0,0.15,Corrientes,FRENTE PATRIOTA FEDERAL
146,C- ANTICORRUPCIÓN,BARBARO-PUCHETA,41,50.0,0.01,Corrientes,FRENTE LIBER.AR
147,A- DEMOS,ETCHEPARE-LORENZO,34,41.46,0.01,Corrientes,FRENTE LIBER.AR
148,B- RECONQUISTA,VASENA-LAGONEGRO,7,8.53,0.01,Corrientes,FRENTE LIBER.AR
149,B- PATRIA UNIDA,AYERBE-RODRIGUEZ,56,74.66,0.01,Corrientes,PROYECTO JOVEN
150,A- COALICION PAZ DEMOCRACIA SOBERANIA,GIARDINELLI-SOLERNOU,16,21.33,0.01,Corrientes,PROYECTO JOVEN
151,C- TODEX,IBAÑEZ-IBARRA,3,4.0,0.01,Corrientes,PROYECTO JOVEN
152,A- APERTURA LIBERAL ARGENTINA,PASSAMONTI-FERNANDEZ,43,100.0,0.01,Corrientes,UNION DEL CENTRO DEMOCRATICO
153,A- LIBERTAD POR SIEMPRE,MILEI-VILLARRUEL,688684,100.0,33.61,Cordoba,LA LIBERTAD AVANZA
154,A- HACEMOS,SCHIARETTI-RANDAZZO,564182,100.0,27.53,Cordoba,HACEMOS POR NUESTRO PAIS
155,B- LA FUERZA DEL CAMBIO,BULLRICH-PETRI,384685,74.63,18.77,Cordoba,JUNTOS POR EL CAMBIO
156,A- EL CAMBIO DE NUESTRAS VIDAS,RODRIGUEZ LARRETA-MORALES,130771,25.36,6.38,Cordoba,JUNTOS POR EL CAMBIO
157,A- CELESTE Y BLANCA,MASSA-ROSSI,126219,71.09,6.16,Cordoba,UNION POR LA PATRIA
158,B- JUSTA Y SOBERANA,GRABOIS-ABAL MEDINA,51309,28.9,2.5,Cordoba,UNION POR LA PATRIA
159,A- UNIR Y FORTALECER LA IZQUIERDA,BREGMAN-DEL CAÑO,19752,63.43,0.96,Cordoba,FRENTE DE IZQUIERDA Y DE TRABAJADORES - UNIDAD
160,B- UNIDAD DE LUCHADORES Y LA IZQUIERDA,SOLANO-RIPOLL,11383,36.56,0.55,Cordoba,FRENTE DE IZQUIERDA Y DE TRABAJADORES - UNIDAD
161,"1A- TIERRA, TECHO  Y TRABAJO",MORENO-FABRE,10419,75.58,0.5,Cordoba,PRINCIPIOS Y VALORES
162,2B- TRANSFORMAR,MARTINEZ-SOUTO,1934,14.03,0.09,Cordoba,PRINCIPIOS Y VALORES
163,5E- LABORISTA,ARIAS-VERA,1431,10.38,0.06,Cordoba,PRINCIPIOS Y VALORES
164,A- AZUL Y ROJO,ESCOBAR-LEZAMA HID,4565,100.0,0.22,Cordoba,MOVIMIENTO LIBRES DEL SUR
165,A- IZQUIERDA ANTICAPITALISTA,CASTAÑEIRA-RUIZ,3893,100.0,0.19,Cordoba,MOVIMIENTO AL SOCIALISMO
166,A- COALICION PAZ DEMOCRACIA SOBERANIA,GIARDINELLI-SOLERNOU,2144,58.98,0.1,Cordoba,PROYECTO JOVEN
167,C- TODEX,IBAÑEZ-IBARRA,760,20.9,0.03,Cordoba,PROYECTO JOVEN
168,B- PATRIA UNIDA,AYERBE-RODRIGUEZ,731,20.11,0.03,Cordoba,PROYECTO JOVEN
169,B- CONFEDERAL,CÚNEO-BARRANCO,2404,70.43,0.11,Cordoba,MOVIMIENTO IZQUIERDA JUVENTUD Y DIGNIDAD
170,A- DIGNIDAD,CASTELLS-REINOSO,1009,29.56,0.04,Cordoba,MOVIMIENTO IZQUIERDA JUVENTUD Y DIGNIDAD
171,C- ANTICORRUPCIÓN,BARBARO-PUCHETA,1564,50.84,0.07,Cordoba,FRENTE LIBER.AR
172,A- DEMOS,ETCHEPARE-LORENZO,1512,49.15,0.07,Cordoba,FRENTE LIBER.AR
173,A- PRIMERO LA PATRIA,BIONDINI-AVENDAÑO,2867,100.0,0.13,Cordoba,FRENTE PATRIOTA FEDERAL
174,A- COMPROMISO VECINAL,ALBARRACIN-PASTORE,2471,100.0,0.12,Cordoba,MOVIMIENTO DE ACCION VECINAL
175,A- UNIDAD OBRERA,RAMAL-URONES,2123,100.0,0.1,Cordoba,POLITICA OBRERA
176,A- APERTURA LIBERAL ARGENTINA,PASSAMONTI-FERNANDEZ,61,100.0,0.01,Cordoba,UNION DEL CENTRO DEMOCRATICO
177,B- LA FUERZA DEL CAMBIO,BULLRICH-PETRI,166823,64.84,20.82,Entre Rios,JUNTOS POR EL CAMBIO
178,A- EL CAMBIO DE NUESTRAS VIDAS,RODRIGUEZ LARRETA-MORALES,90440,35.15,11.28,Entre Rios,JUNTOS POR EL CAMBIO
179,A- CELESTE Y BLANCA,MASSA-ROSSI,180436,77.58,22.52,Entre Rios,UNION POR LA PATRIA
180,B- JUSTA Y SOBERANA,GRABOIS-ABAL MEDINA,52134,22.41,6.5,Entre Rios,UNION POR LA PATRIA
181,A- LIBERTAD POR SIEMPRE,MILEI-VILLARRUEL,176164,100.0,21.98,Entre Rios,LA LIBERTAD AVANZA
182,A- UNIR Y FORTALECER LA IZQUIERDA,BREGMAN-DEL CAÑO,5671,56.5,0.7,Entre Rios,FRENTE DE IZQUIERDA Y DE TRABAJADORES - UNIDAD
183,B- UNIDAD DE LUCHADORES Y LA IZQUIERDA,SOLANO-RIPOLL,4365,43.49,0.54,Entre Rios,FRENTE DE IZQUIERDA Y DE TRABAJADORES - UNIDAD
184,A- HACEMOS,SCHIARETTI-RANDAZZO,9425,100.0,1.17,Entre Rios,HACEMOS POR NUESTRO PAIS
185,"1A- TIERRA, TECHO  Y TRABAJO",MORENO-FABRE,4767,97.26,0.59,Entre Rios,PRINCIPIOS Y VALORES
186,2B- TRANSFORMAR,MARTINEZ-SOUTO,48,0.97,0.01,Entre Rios,PRINCIPIOS Y VALORES
187,3C- TRES BANDERAS,OLIVER-SAN MARTIN,39,0.79,0.01,Entre Rios,PRINCIPIOS Y VALORES
188,5E- LABORISTA,ARIAS-VERA,32,0.65,0.01,Entre Rios,PRINCIPIOS Y VALORES
189,4D- GENTE DE TRABAJO,BARTOLINI-GOMEZ,15,0.3,0.01,Entre Rios,PRINCIPIOS Y VALORES
190,B- CONFEDERAL,CÚNEO-BARRANCO,1343,59.55,0.16,Entre Rios,MOVIMIENTO IZQUIERDA JUVENTUD Y DIGNIDAD
191,A- DIGNIDAD,CASTELLS-REINOSO,912,40.44,0.11,Entre Rios,MOVIMIENTO IZQUIERDA JUVENTUD Y DIGNIDAD
192,A- IZQUIERDA ANTICAPITALISTA,CASTAÑEIRA-RUIZ,1885,100.0,0.23,Entre Rios,MOVIMIENTO AL SOCIALISMO
193,A- PRIMERO LA PATRIA,BIONDINI-AVENDAÑO,1643,100.0,0.2,Entre Rios,FRENTE PATRIOTA FEDERAL
194,A- UNIDAD OBRERA,RAMAL-URONES,1477,100.0,0.18,Entre Rios,POLITICA OBRERA
195,A- AZUL Y ROJO,ESCOBAR-LEZAMA HID,1456,100.0,0.18,Entre Rios,MOVIMIENTO LIBRES DEL SUR
196,A- COMPROMISO VECINAL,ALBARRACIN-PASTORE,1238,100.0,0.15,Entre Rios,MOVIMIENTO DE ACCION VECINAL
197,C- ANTICORRUPCIÓN,BARBARO-PUCHETA,375,61.17,0.04,Entre Rios,FRENTE LIBER.AR
198,A- DEMOS,ETCHEPARE-LORENZO,201,32.78,0.02,Entre Rios,FRENTE LIBER.AR
199,B- RECONQUISTA,VASENA-LAGONEGRO,37,6.03,0.01,Entre Rios,FRENTE LIBER.AR
200,A- COALICION PAZ DEMOCRACIA SOBERANIA,GIARDINELLI-SOLERNOU,64,70.32,0.01,Entre Rios,PROYECTO JOVEN
201,B- PATRIA UNIDA,AYERBE-RODRIGUEZ,17,18.68,0.01,Entre Rios,PROYECTO JOVEN
202,C- TODEX,IBAÑEZ-IBARRA,10,10.98,0.01,Entre Rios,PROYECTO JOVEN
203,A- APERTURA LIBERAL ARGENTINA,PASSAMONTI-FERNANDEZ,52,100.0,0.01,Entre Rios,UNION DEL CENTRO DEMOCRATICO
204,A- CELESTE Y BLANCA,MASSA-ROSSI,142965,96.86,45.15,Formosa,UNION POR LA PATRIA
205,B- JUSTA Y SOBERANA,GRABOIS-ABAL MEDINA,4627,3.13,1.46,Formosa,UNION POR LA PATRIA
206,A- LIBERTAD POR SIEMPRE,MILEI-VILLARRUEL,80753,100.0,25.5,Formosa,LA LIBERTAD AVANZA
207,B- LA FUERZA DEL CAMBIO,BULLRICH-PETRI,46650,67.86,14.73,Formosa,JUNTOS POR EL CAMBIO
208,A- EL CAMBIO DE NUESTRAS VIDAS,RODRIGUEZ LARRETA-MORALES,22089,32.13,6.97,Formosa,JUNTOS POR EL CAMBIO
209,A- HACEMOS,SCHIARETTI-RANDAZZO,3208,100.0,1.01,Formosa,HACEMOS POR NUESTRO PAIS
210,A- UNIR Y FORTALECER LA IZQUIERDA,BREGMAN-DEL CAÑO,1287,60.82,0.4,Formosa,FRENTE DE IZQUIERDA Y DE TRABAJADORES - UNIDAD
211,B- UNIDAD DE LUCHADORES Y LA IZQUIERDA,SOLANO-RIPOLL,829,39.17,0.26,Formosa,FRENTE DE IZQUIERDA Y DE TRABAJADORES - UNIDAD
212,A- AZUL Y ROJO,ESCOBAR-LEZAMA HID,1724,100.0,0.54,Formosa,MOVIMIENTO LIBRES DEL SUR
213,A- IZQUIERDA ANTICAPITALISTA,CASTAÑEIRA-RUIZ,775,100.0,0.24,Formosa,MOVIMIENTO AL SOCIALISMO
214,A- UNIDAD OBRERA,RAMAL-URONES,710,100.0,0.22,Formosa,POLITICA OBRERA
215,A- DIGNIDAD,CASTELLS-REINOSO,331,50.15,0.1,Formosa,MOVIMIENTO IZQUIERDA JUVENTUD Y DIGNIDAD
216,B- CONFEDERAL,CÚNEO-BARRANCO,329,49.84,0.1,Formosa,MOVIMIENTO IZQUIERDA JUVENTUD Y DIGNIDAD
217,A- COMPROMISO VECINAL,ALBARRACIN-PASTORE,533,100.0,0.16,Formosa,MOVIMIENTO DE ACCION VECINAL
218,A- PRIMERO LA PATRIA,BIONDINI-AVENDAÑO,470,100.0,0.14,Formosa,FRENTE PATRIOTA FEDERAL
219,C- ANTICORRUPCIÓN,BARBARO-PUCHETA,119,63.29,0.03,Formosa,FRENTE LIBER.AR
220,A- DEMOS,ETCHEPARE-LORENZO,45,23.93,0.01,Formosa,FRENTE LIBER.AR
221,B- RECONQUISTA,VASENA-LAGONEGRO,24,12.76,0.01,Formosa,FRENTE LIBER.AR
222,B- PATRIA UNIDA,AYERBE-RODRIGUEZ,39,40.2,0.01,Formosa,PROYECTO JOVEN
223,A- COALICION PAZ DEMOCRACIA SOBERANIA,GIARDINELLI-SOLERNOU,38,39.17,0.01,Formosa,PROYECTO JOVEN
224,C- TODEX,IBAÑEZ-IBARRA,20,20.61,0.01,Formosa,PROYECTO JOVEN
225,3C- TRES BANDERAS,OLIVER-SAN MARTIN,39,41.48,0.01,Formosa,PRINCIPIOS Y VALORES
226,4D- GENTE DE TRABAJO,BARTOLINI-GOMEZ,31,32.97,0.01,Formosa,PRINCIPIOS Y VALORES
227,5E- LABORISTA,ARIAS-VERA,19,20.21,0.01,Formosa,PRINCIPIOS Y VALORES
228,"1A- TIERRA, TECHO  Y TRABAJO",MORENO-FABRE,4,4.25,0.01,Formosa,PRINCIPIOS Y VALORES
229,2B- TRANSFORMAR,MARTINEZ-SOUTO,1,1.06,0.01,Formosa,PRINCIPIOS Y VALORES
230,A- APERTURA LIBERAL ARGENTINA,PASSAMONTI-FERNANDEZ,31,100.0,0.01,Formosa,UNION DEL CENTRO DEMOCRATICO
231,A- LIBERTAD POR SIEMPRE,MILEI-VILLARRUEL,168142,100.0,39.83,Jujuy,LA LIBERTAD AVANZA
232,A- EL CAMBIO DE NUESTRAS VIDAS,RODRIGUEZ LARRETA-MORALES,76378,76.06,18.09,Jujuy,JUNTOS POR EL CAMBIO
233,B- LA FUERZA DEL CAMBIO,BULLRICH-PETRI,24030,23.93,5.69,Jujuy,JUNTOS POR EL CAMBIO
234,A- CELESTE Y BLANCA,MASSA-ROSSI,71980,82.43,17.05,Jujuy,UNION POR LA PATRIA
235,B- JUSTA Y SOBERANA,GRABOIS-ABAL MEDINA,15334,17.56,3.63,Jujuy,UNION POR LA PATRIA
236,A- UNIR Y FORTALECER LA IZQUIERDA,BREGMAN-DEL CAÑO,22186,76.55,5.25,Jujuy,FRENTE DE IZQUIERDA Y DE TRABAJADORES - UNIDAD
237,B- UNIDAD DE LUCHADORES Y LA IZQUIERDA,SOLANO-RIPOLL,6796,23.44,1.61,Jujuy,FRENTE DE IZQUIERDA Y DE TRABAJADORES - UNIDAD
238,A- HACEMOS,SCHIARETTI-RANDAZZO,7215,100.0,1.7,Jujuy,HACEMOS POR NUESTRO PAIS
239,"1A- TIERRA, TECHO  Y TRABAJO",MORENO-FABRE,2819,98.6,0.66,Jujuy,PRINCIPIOS Y VALORES
240,5E- LABORISTA,ARIAS-VERA,21,0.73,0.01,Jujuy,PRINCIPIOS Y VALORES
241,2B- TRANSFORMAR,MARTINEZ-SOUTO,9,0.31,0.01,Jujuy,PRINCIPIOS Y VALORES
242,3C- TRES BANDERAS,OLIVER-SAN MARTIN,6,0.2,0.01,Jujuy,PRINCIPIOS Y VALORES
243,4D- GENTE DE TRABAJO,BARTOLINI-GOMEZ,4,0.13,0.01,Jujuy,PRINCIPIOS Y VALORES
244,A- AZUL Y ROJO,ESCOBAR-LEZAMA HID,1598,100.0,0.37,Jujuy,MOVIMIENTO LIBRES DEL SUR
245,B- CONFEDERAL,CÚNEO-BARRANCO,814,53.3,0.19,Jujuy,MOVIMIENTO IZQUIERDA JUVENTUD Y DIGNIDAD
246,A- DIGNIDAD,CASTELLS-REINOSO,713,46.69,0.16,Jujuy,MOVIMIENTO IZQUIERDA JUVENTUD Y DIGNIDAD
247,A- UNIDAD OBRERA,RAMAL-URONES,1423,100.0,0.33,Jujuy,POLITICA OBRERA
248,A- IZQUIERDA ANTICAPITALISTA,CASTAÑEIRA-RUIZ,1124,100.0,0.26,Jujuy,MOVIMIENTO AL SOCIALISMO
249,A- PRIMERO LA PATRIA,BIONDINI-AVENDAÑO,905,100.0,0.21,Jujuy,FRENTE PATRIOTA FEDERAL
250,A- COMPROMISO VECINAL,ALBARRACIN-PASTORE,839,100.0,0.19,Jujuy,MOVIMIENTO DE ACCION VECINAL
251,C- ANTICORRUPCIÓN,BARBARO-PUCHETA,281,68.03,0.06,Jujuy,FRENTE LIBER.AR
252,A- DEMOS,ETCHEPARE-LORENZO,115,27.84,0.02,Jujuy,FRENTE LIBER.AR
253,B- RECONQUISTA,VASENA-LAGONEGRO,17,4.11,0.01,Jujuy,FRENTE LIBER.AR
254,A- COALICION PAZ DEMOCRACIA SOBERANIA,GIARDINELLI-SOLERNOU,13,61.9,0.01,Jujuy,PROYECTO JOVEN
255,B- PATRIA UNIDA,AYERBE-RODRIGUEZ,6,28.57,0.01,Jujuy,PROYECTO JOVEN
256,C- TODEX,IBAÑEZ-IBARRA,2,9.52,0.01,Jujuy,PROYECTO JOVEN
257,A- APERTURA LIBERAL ARGENTINA,PASSAMONTI-FERNANDEZ,5,100.0,0.01,Jujuy,UNION DEL CENTRO DEMOCRATICO
258,A- LIBERTAD POR SIEMPRE,MILEI-VILLARRUEL,66280,100.0,32.77,La Pampa,LA LIBERTAD AVANZA
259,B- LA FUERZA DEL CAMBIO,BULLRICH-PETRI,32488,56.61,16.06,La Pampa,JUNTOS POR EL CAMBIO
260,A- EL CAMBIO DE NUESTRAS VIDAS,RODRIGUEZ LARRETA-MORALES,24899,43.38,12.31,La Pampa,JUNTOS POR EL CAMBIO
261,A- CELESTE Y BLANCA,MASSA-ROSSI,45208,79.4,22.35,La Pampa,UNION POR LA PATRIA
262,B- JUSTA Y SOBERANA,GRABOIS-ABAL MEDINA,11726,20.59,5.79,La Pampa,UNION POR LA PATRIA
263,A- HACEMOS,SCHIARETTI-RANDAZZO,7504,100.0,3.71,La Pampa,HACEMOS POR NUESTRO PAIS
264,A- UNIR Y FORTALECER LA IZQUIERDA,BREGMAN-DEL CAÑO,2556,69.17,1.26,La Pampa,FRENTE DE IZQUIERDA Y DE TRABAJADORES - UNIDAD
265,B- UNIDAD DE LUCHADORES Y LA IZQUIERDA,SOLANO-RIPOLL,1139,30.82,0.56,La Pampa,FRENTE DE IZQUIERDA Y DE TRABAJADORES - UNIDAD
266,"1A- TIERRA, TECHO  Y TRABAJO",MORENO-FABRE,1408,98.39,0.69,La Pampa,PRINCIPIOS Y VALORES
267,2B- TRANSFORMAR,MARTINEZ-SOUTO,15,1.04,0.01,La Pampa,PRINCIPIOS Y VALORES
268,4D- GENTE DE TRABAJO,BARTOLINI-GOMEZ,8,0.55,0.01,La Pampa,PRINCIPIOS Y VALORES
269,3C- TRES BANDERAS,OLIVER-SAN MARTIN,0,0.0,0.0,La Pampa,PRINCIPIOS Y VALORES
270,5E- LABORISTA,ARIAS-VERA,0,0.0,0.0,La Pampa,PRINCIPIOS Y VALORES
271,A- IZQUIERDA ANTICAPITALISTA,CASTAÑEIRA-RUIZ,1133,100.0,0.56,La Pampa,MOVIMIENTO AL SOCIALISMO
272,A- AZUL Y ROJO,ESCOBAR-LEZAMA HID,1000,100.0,0.49,La Pampa,MOVIMIENTO LIBRES DEL SUR
273,A- UNIDAD OBRERA,RAMAL-URONES,756,100.0,0.37,La Pampa,POLITICA OBRERA
274,B- CONFEDERAL,CÚNEO-BARRANCO,643,85.84,0.31,La Pampa,MOVIMIENTO IZQUIERDA JUVENTUD Y DIGNIDAD
275,A- DIGNIDAD,CASTELLS-REINOSO,106,14.15,0.05,La Pampa,MOVIMIENTO IZQUIERDA JUVENTUD Y DIGNIDAD
276,A- PRIMERO LA PATRIA,BIONDINI-AVENDAÑO,578,100.0,0.28,La Pampa,FRENTE PATRIOTA FEDERAL
277,A- COMPROMISO VECINAL,ALBARRACIN-PASTORE,447,100.0,0.22,La Pampa,MOVIMIENTO DE ACCION VECINAL
278,A- DEMOS,ETCHEPARE-LORENZO,162,95.29,0.08,La Pampa,FRENTE LIBER.AR
279,C- ANTICORRUPCIÓN,BARBARO-PUCHETA,7,4.11,0.01,La Pampa,FRENTE LIBER.AR
280,B- RECONQUISTA,VASENA-LAGONEGRO,1,0.58,0.01,La Pampa,FRENTE LIBER.AR
281,A- APERTURA LIBERAL ARGENTINA,PASSAMONTI-FERNANDEZ,23,100.0,0.01,La Pampa,UNION DEL CENTRO DEMOCRATICO
282,A- COALICION PAZ DEMOCRACIA SOBERANIA,GIARDINELLI-SOLERNOU,4,100.0,0.01,La Pampa,PROYECTO JOVEN
283,B- PATRIA UNIDA,AYERBE-RODRIGUEZ,0,0.0,0.0,La Pampa,PROYECTO JOVEN
284,C- TODEX,IBAÑEZ-IBARRA,0,0.0,0.0,La Pampa,PROYECTO JOVEN
285,A- LIBERTAD POR SIEMPRE,MILEI-VILLARRUEL,69607,100.0,36.42,La Rioja,LA LIBERTAD AVANZA
286,A- CELESTE Y BLANCA,MASSA-ROSSI,53814,89.45,28.16,La Rioja,UNION POR LA PATRIA
287,B- JUSTA Y SOBERANA,GRABOIS-ABAL MEDINA,6346,10.54,3.32,La Rioja,UNION POR LA PATRIA
288,A- EL CAMBIO DE NUESTRAS VIDAS,RODRIGUEZ LARRETA-MORALES,20483,52.98,10.71,La Rioja,JUNTOS POR EL CAMBIO
289,B- LA FUERZA DEL CAMBIO,BULLRICH-PETRI,18176,47.01,9.51,La Rioja,JUNTOS POR EL CAMBIO
290,A- HACEMOS,SCHIARETTI-RANDAZZO,13371,100.0,6.99,La Rioja,HACEMOS POR NUESTRO PAIS
291,A- UNIR Y FORTALECER LA IZQUIERDA,BREGMAN-DEL CAÑO,1122,60.03,0.58,La Rioja,FRENTE DE IZQUIERDA Y DE TRABAJADORES - UNIDAD
292,B- UNIDAD DE LUCHADORES Y LA IZQUIERDA,SOLANO-RIPOLL,747,39.96,0.39,La Rioja,FRENTE DE IZQUIERDA Y DE TRABAJADORES - UNIDAD
293,A- AZUL Y ROJO,ESCOBAR-LEZAMA HID,723,100.0,0.37,La Rioja,MOVIMIENTO LIBRES DEL SUR
294,A- IZQUIERDA ANTICAPITALISTA,CASTAÑEIRA-RUIZ,564,100.0,0.29,La Rioja,MOVIMIENTO AL SOCIALISMO
295,A- APERTURA LIBERAL ARGENTINA,PASSAMONTI-FERNANDEZ,484,100.0,0.25,La Rioja,UNION DEL CENTRO DEMOCRATICO
296,"1A- TIERRA, TECHO  Y TRABAJO",MORENO-FABRE,428,98.61,0.22,La Rioja,PRINCIPIOS Y VALORES
297,5E- LABORISTA,ARIAS-VERA,6,1.38,0.01,La Rioja,PRINCIPIOS Y VALORES
298,2B- TRANSFORMAR,MARTINEZ-SOUTO,0,0.0,0.0,La Rioja,PRINCIPIOS Y VALORES
299,3C- TRES BANDERAS,OLIVER-SAN MARTIN,0,0.0,0.0,La Rioja,PRINCIPIOS Y VALORES
300,4D- GENTE DE TRABAJO,BARTOLINI-GOMEZ,0,0.0,0.0,La Rioja,PRINCIPIOS Y VALORES
301,A- PRIMERO LA PATRIA,BIONDINI-AVENDAÑO,432,100.0,0.22,La Rioja,FRENTE PATRIOTA FEDERAL
302,A- UNIDAD OBRERA,RAMAL-URONES,426,100.0,0.22,La Rioja,POLITICA OBRERA
303,B- CONFEDERAL,CÚNEO-BARRANCO,335,92.28,0.17,La Rioja,MOVIMIENTO IZQUIERDA JUVENTUD Y DIGNIDAD
304,A- DIGNIDAD,CASTELLS-REINOSO,28,7.71,0.01,La Rioja,MOVIMIENTO IZQUIERDA JUVENTUD Y DIGNIDAD
305,A- COMPROMISO VECINAL,ALBARRACIN-PASTORE,336,100.0,0.17,La Rioja,MOVIMIENTO DE ACCION VECINAL
306,C- ANTICORRUPCIÓN,BARBARO-PUCHETA,54,78.26,0.02,La Rioja,FRENTE LIBER.AR
307,A- DEMOS,ETCHEPARE-LORENZO,15,21.73,0.01,La Rioja,FRENTE LIBER.AR
308,B- RECONQUISTA,VASENA-LAGONEGRO,0,0.0,0.0,La Rioja,FRENTE LIBER.AR
309,A- COALICION PAZ DEMOCRACIA SOBERANIA,GIARDINELLI-SOLERNOU,6,60.0,0.01,La Rioja,PROYECTO JOVEN
310,B- PATRIA UNIDA,AYERBE-RODRIGUEZ,4,40.0,0.01,La Rioja,PROYECTO JOVEN
311,C- TODEX,IBAÑEZ-IBARRA,0,0.0,0.0,La Rioja,PROYECTO JOVEN
312,A- LIBERTAD POR SIEMPRE,MILEI-VILLARRUEL,466437,100.0,44.8,Mendoza,LA LIBERTAD AVANZA
313,B- LA FUERZA DEL CAMBIO,BULLRICH-PETRI,229636,78.08,22.05,Mendoza,JUNTOS POR EL CAMBIO
314,A- EL CAMBIO DE NUESTRAS VIDAS,RODRIGUEZ LARRETA-MORALES,64441,21.91,6.18,Mendoza,JUNTOS POR EL CAMBIO
315,A- CELESTE Y BLANCA,MASSA-ROSSI,140766,80.19,13.52,Mendoza,UNION POR LA PATRIA
316,B- JUSTA Y SOBERANA,GRABOIS-ABAL MEDINA,34756,19.8,3.33,Mendoza,UNION POR LA PATRIA
317,A- UNIR Y FORTALECER LA IZQUIERDA,BREGMAN-DEL CAÑO,24852,79.01,2.38,Mendoza,FRENTE DE IZQUIERDA Y DE TRABAJADORES - UNIDAD
318,B- UNIDAD DE LUCHADORES Y LA IZQUIERDA,SOLANO-RIPOLL,6600,20.98,0.63,Mendoza,FRENTE DE IZQUIERDA Y DE TRABAJADORES - UNIDAD
319,A- AZUL Y ROJO,ESCOBAR-LEZAMA HID,15566,100.0,1.49,Mendoza,MOVIMIENTO LIBRES DEL SUR
320,A- HACEMOS,SCHIARETTI-RANDAZZO,13858,100.0,1.33,Mendoza,HACEMOS POR NUESTRO PAIS
321,"1A- TIERRA, TECHO  Y TRABAJO",MORENO-FABRE,7182,98.31,0.68,Mendoza,PRINCIPIOS Y VALORES
322,2B- TRANSFORMAR,MARTINEZ-SOUTO,43,0.58,0.01,Mendoza,PRINCIPIOS Y VALORES
323,5E- LABORISTA,ARIAS-VERA,32,0.43,0.01,Mendoza,PRINCIPIOS Y VALORES
324,3C- TRES BANDERAS,OLIVER-SAN MARTIN,26,0.35,0.01,Mendoza,PRINCIPIOS Y VALORES
325,4D- GENTE DE TRABAJO,BARTOLINI-GOMEZ,22,0.3,0.01,Mendoza,PRINCIPIOS Y VALORES
326,A- IZQUIERDA ANTICAPITALISTA,CASTAÑEIRA-RUIZ,3986,100.0,0.38,Mendoza,MOVIMIENTO AL SOCIALISMO
327,B- CONFEDERAL,CÚNEO-BARRANCO,2284,59.85,0.21,Mendoza,MOVIMIENTO IZQUIERDA JUVENTUD Y DIGNIDAD
328,A- DIGNIDAD,CASTELLS-REINOSO,1532,40.14,0.14,Mendoza,MOVIMIENTO IZQUIERDA JUVENTUD Y DIGNIDAD
329,A- COMPROMISO VECINAL,ALBARRACIN-PASTORE,3416,100.0,0.32,Mendoza,MOVIMIENTO DE ACCION VECINAL
330,A- UNIDAD OBRERA,RAMAL-URONES,3041,100.0,0.29,Mendoza,POLITICA OBRERA
331,A- PRIMERO LA PATRIA,BIONDINI-AVENDAÑO,2588,100.0,0.24,Mendoza,FRENTE PATRIOTA FEDERAL
332,A- APERTURA LIBERAL ARGENTINA,PASSAMONTI-FERNANDEZ,101,100.0,0.01,Mendoza,UNION DEL CENTRO DEMOCRATICO
333,A- DEMOS,ETCHEPARE-LORENZO,42,70.0,0.01,Mendoza,FRENTE LIBER.AR
334,C- ANTICORRUPCIÓN,BARBARO-PUCHETA,17,28.33,0.01,Mendoza,FRENTE LIBER.AR
335,B- RECONQUISTA,VASENA-LAGONEGRO,1,1.66,0.01,Mendoza,FRENTE LIBER.AR
336,A- COALICION PAZ DEMOCRACIA SOBERANIA,GIARDINELLI-SOLERNOU,41,91.11,0.01,Mendoza,PROYECTO JOVEN
337,B- PATRIA UNIDA,AYERBE-RODRIGUEZ,4,8.88,0.01,Mendoza,PROYECTO JOVEN
338,C- TODEX,IBAÑEZ-IBARRA,0,0.0,0.0,Mendoza,PROYECTO JOVEN
339,A- LIBERTAD POR SIEMPRE,MILEI-VILLARRUEL,277899,100.0,43.03,Misiones,LA LIBERTAD AVANZA
340,A- CELESTE Y BLANCA,MASSA-ROSSI,157074,89.56,24.32,Misiones,UNION POR LA PATRIA
341,B- JUSTA Y SOBERANA,GRABOIS-ABAL MEDINA,18296,10.43,2.83,Misiones,UNION POR LA PATRIA
342,B- LA FUERZA DEL CAMBIO,BULLRICH-PETRI,82456,67.29,12.76,Misiones,JUNTOS POR EL CAMBIO
343,A- EL CAMBIO DE NUESTRAS VIDAS,RODRIGUEZ LARRETA-MORALES,40072,32.7,6.2,Misiones,JUNTOS POR EL CAMBIO
344,A- UNIR Y FORTALECER LA IZQUIERDA,BREGMAN-DEL CAÑO,4964,57.22,0.76,Misiones,FRENTE DE IZQUIERDA Y DE TRABAJADORES - UNIDAD
345,B- UNIDAD DE LUCHADORES Y LA IZQUIERDA,SOLANO-RIPOLL,3710,42.77,0.57,Misiones,FRENTE DE IZQUIERDA Y DE TRABAJADORES - UNIDAD
346,A- HACEMOS,SCHIARETTI-RANDAZZO,8610,100.0,1.33,Misiones,HACEMOS POR NUESTRO PAIS
347,A- AZUL Y ROJO,ESCOBAR-LEZAMA HID,4740,100.0,0.73,Misiones,MOVIMIENTO LIBRES DEL SUR
348,"1A- TIERRA, TECHO  Y TRABAJO",MORENO-FABRE,3938,97.4,0.6,Misiones,PRINCIPIOS Y VALORES
349,5E- LABORISTA,ARIAS-VERA,36,0.89,0.01,Misiones,PRINCIPIOS Y VALORES
350,2B- TRANSFORMAR,MARTINEZ-SOUTO,30,0.74,0.01,Misiones,PRINCIPIOS Y VALORES
351,4D- GENTE DE TRABAJO,BARTOLINI-GOMEZ,25,0.61,0.01,Misiones,PRINCIPIOS Y VALORES
352,3C- TRES BANDERAS,OLIVER-SAN MARTIN,14,0.34,0.01,Misiones,PRINCIPIOS Y VALORES
353,A- IZQUIERDA ANTICAPITALISTA,CASTAÑEIRA-RUIZ,3704,100.0,0.57,Misiones,MOVIMIENTO AL SOCIALISMO
354,A- UNIDAD OBRERA,RAMAL-URONES,3054,100.0,0.47,Misiones,POLITICA OBRERA
355,A- PRIMERO LA PATRIA,BIONDINI-AVENDAÑO,3051,100.0,0.47,Misiones,FRENTE PATRIOTA FEDERAL
356,A- COMPROMISO VECINAL,ALBARRACIN-PASTORE,1947,100.0,0.3,Misiones,MOVIMIENTO DE ACCION VECINAL
357,B- CONFEDERAL,CÚNEO-BARRANCO,1039,66.09,0.16,Misiones,MOVIMIENTO IZQUIERDA JUVENTUD Y DIGNIDAD
358,A- DIGNIDAD,CASTELLS-REINOSO,533,33.9,0.08,Misiones,MOVIMIENTO IZQUIERDA JUVENTUD Y DIGNIDAD
359,A- DEMOS,ETCHEPARE-LORENZO,183,41.97,0.02,Misiones,FRENTE LIBER.AR
360,B- RECONQUISTA,VASENA-LAGONEGRO,135,30.96,0.02,Misiones,FRENTE LIBER.AR
361,C- ANTICORRUPCIÓN,BARBARO-PUCHETA,118,27.06,0.01,Misiones,FRENTE LIBER.AR
362,A- COALICION PAZ DEMOCRACIA SOBERANIA,GIARDINELLI-SOLERNOU,62,57.94,0.01,Misiones,PROYECTO JOVEN
363,B- PATRIA UNIDA,AYERBE-RODRIGUEZ,26,24.29,0.01,Misiones,PROYECTO JOVEN
364,C- TODEX,IBAÑEZ-IBARRA,19,17.75,0.01,Misiones,PROYECTO JOVEN
365,A- APERTURA LIBERAL ARGENTINA,PASSAMONTI-FERNANDEZ,54,100.0,0.01,Misiones,UNION DEL CENTRO DEMOCRATICO
366,A- LIBERTAD POR SIEMPRE,MILEI-VILLARRUEL,156147,100.0,39.04,Neuquen,LA LIBERTAD AVANZA
367,B- LA FUERZA DEL CAMBIO,BULLRICH-PETRI,57819,63.35,14.45,Neuquen,JUNTOS POR EL CAMBIO
368,A- EL CAMBIO DE NUESTRAS VIDAS,RODRIGUEZ LARRETA-MORALES,33444,36.64,8.36,Neuquen,JUNTOS POR EL CAMBIO
369,A- CELESTE Y BLANCA,MASSA-ROSSI,57483,72.74,14.37,Neuquen,UNION POR LA PATRIA
370,B- JUSTA Y SOBERANA,GRABOIS-ABAL MEDINA,21541,27.25,5.38,Neuquen,UNION POR LA PATRIA
371,A- UNIR Y FORTALECER LA IZQUIERDA,BREGMAN-DEL CAÑO,13715,72.77,3.42,Neuquen,FRENTE DE IZQUIERDA Y DE TRABAJADORES - UNIDAD
372,B- UNIDAD DE LUCHADORES Y LA IZQUIERDA,SOLANO-RIPOLL,5132,27.22,1.28,Neuquen,FRENTE DE IZQUIERDA Y DE TRABAJADORES - UNIDAD
373,A- AZUL Y ROJO,ESCOBAR-LEZAMA HID,13064,100.0,3.26,Neuquen,MOVIMIENTO LIBRES DEL SUR
374,A- HACEMOS,SCHIARETTI-RANDAZZO,7038,100.0,1.75,Neuquen,HACEMOS POR NUESTRO PAIS
375,"1A- TIERRA, TECHO  Y TRABAJO",MORENO-FABRE,4232,100.0,1.05,Neuquen,PRINCIPIOS Y VALORES
376,A- IZQUIERDA ANTICAPITALISTA,CASTAÑEIRA-RUIZ,3053,100.0,0.76,Neuquen,MOVIMIENTO AL SOCIALISMO
377,A- UNIDAD OBRERA,RAMAL-URONES,2024,100.0,0.5,Neuquen,POLITICA OBRERA
378,A- PRIMERO LA PATRIA,BIONDINI-AVENDAÑO,1851,100.0,0.46,Neuquen,FRENTE PATRIOTA FEDERAL
379,B- CONFEDERAL,CÚNEO-BARRANCO,1612,100.0,0.4,Neuquen,MOVIMIENTO IZQUIERDA JUVENTUD Y DIGNIDAD
380,A- COMPROMISO VECINAL,ALBARRACIN-PASTORE,1268,100.0,0.31,Neuquen,MOVIMIENTO DE ACCION VECINAL
381,A- LIBERTAD POR SIEMPRE,MILEI-VILLARRUEL,148437,100.0,37.29,Rio Negro,LA LIBERTAD AVANZA
382,A- CELESTE Y BLANCA,MASSA-ROSSI,72012,67.77,18.09,Rio Negro,UNION POR LA PATRIA
383,B- JUSTA Y SOBERANA,GRABOIS-ABAL MEDINA,34246,32.22,8.6,Rio Negro,UNION POR LA PATRIA
384,B- LA FUERZA DEL CAMBIO,BULLRICH-PETRI,52712,62.57,13.24,Rio Negro,JUNTOS POR EL CAMBIO
385,A- EL CAMBIO DE NUESTRAS VIDAS,RODRIGUEZ LARRETA-MORALES,31520,37.42,7.92,Rio Negro,JUNTOS POR EL CAMBIO
386,A- UNIR Y FORTALECER LA IZQUIERDA,BREGMAN-DEL CAÑO,9471,71.58,2.37,Rio Negro,FRENTE DE IZQUIERDA Y DE TRABAJADORES - UNIDAD
387,B- UNIDAD DE LUCHADORES Y LA IZQUIERDA,SOLANO-RIPOLL,3759,28.41,0.94,Rio Negro,FRENTE DE IZQUIERDA Y DE TRABAJADORES - UNIDAD
388,A- HACEMOS,SCHIARETTI-RANDAZZO,8232,100.0,2.06,Rio Negro,HACEMOS POR NUESTRO PAIS
389,A- AZUL Y ROJO,ESCOBAR-LEZAMA HID,5013,100.0,1.25,Rio Negro,MOVIMIENTO LIBRES DEL SUR
390,"1A- TIERRA, TECHO  Y TRABAJO",MORENO-FABRE,3364,97.99,0.84,Rio Negro,PRINCIPIOS Y VALORES
391,2B- TRANSFORMAR,MARTINEZ-SOUTO,32,0.93,0.01,Rio Negro,PRINCIPIOS Y VALORES
392,4D- GENTE DE TRABAJO,BARTOLINI-GOMEZ,13,0.37,0.01,Rio Negro,PRINCIPIOS Y VALORES
393,3C- TRES BANDERAS,OLIVER-SAN MARTIN,12,0.34,0.01,Rio Negro,PRINCIPIOS Y VALORES
394,5E- LABORISTA,ARIAS-VERA,12,0.34,0.01,Rio Negro,PRINCIPIOS Y VALORES
395,A- IZQUIERDA ANTICAPITALISTA,CASTAÑEIRA-RUIZ,3128,100.0,0.78,Rio Negro,MOVIMIENTO AL SOCIALISMO
396,A- UNIDAD OBRERA,RAMAL-URONES,2378,100.0,0.59,Rio Negro,POLITICA OBRERA
397,A- COMPROMISO VECINAL,ALBARRACIN-PASTORE,1767,100.0,0.44,Rio Negro,MOVIMIENTO DE ACCION VECINAL
398,B- CONFEDERAL,CÚNEO-BARRANCO,986,83.98,0.24,Rio Negro,MOVIMIENTO IZQUIERDA JUVENTUD Y DIGNIDAD
399,A- DIGNIDAD,CASTELLS-REINOSO,188,16.01,0.04,Rio Negro,MOVIMIENTO IZQUIERDA JUVENTUD Y DIGNIDAD
400,B- PATRIA UNIDA,AYERBE-RODRIGUEZ,261,85.57,0.06,Rio Negro,PROYECTO JOVEN
401,A- COALICION PAZ DEMOCRACIA SOBERANIA,GIARDINELLI-SOLERNOU,34,11.14,0.01,Rio Negro,PROYECTO JOVEN
402,C- TODEX,IBAÑEZ-IBARRA,10,3.27,0.01,Rio Negro,PROYECTO JOVEN
403,C- ANTICORRUPCIÓN,BARBARO-PUCHETA,47,54.65,0.01,Rio Negro,FRENTE LIBER.AR
404,A- DEMOS,ETCHEPARE-LORENZO,24,27.9,0.01,Rio Negro,FRENTE LIBER.AR
405,B- RECONQUISTA,VASENA-LAGONEGRO,15,17.44,0.01,Rio Negro,FRENTE LIBER.AR
406,A- PRIMERO LA PATRIA,BIONDINI-AVENDAÑO,27,100.0,0.01,Rio Negro,FRENTE PATRIOTA FEDERAL
407,A- APERTURA LIBERAL ARGENTINA,PASSAMONTI-FERNANDEZ,21,100.0,0.01,Rio Negro,UNION DEL CENTRO DEMOCRATICO
408,A- LIBERTAD POR SIEMPRE,MILEI-VILLARRUEL,318910,100.0,49.38,Salta,LA LIBERTAD AVANZA
409,A- CELESTE Y BLANCA,MASSA-ROSSI,137998,88.55,21.37,Salta,UNION POR LA PATRIA
410,B- JUSTA Y SOBERANA,GRABOIS-ABAL MEDINA,17839,11.44,2.76,Salta,UNION POR LA PATRIA
411,B- LA FUERZA DEL CAMBIO,BULLRICH-PETRI,66556,59.95,10.3,Salta,JUNTOS POR EL CAMBIO
412,A- EL CAMBIO DE NUESTRAS VIDAS,RODRIGUEZ LARRETA-MORALES,44453,40.04,6.88,Salta,JUNTOS POR EL CAMBIO
413,A- HACEMOS,SCHIARETTI-RANDAZZO,12820,100.0,1.98,Salta,HACEMOS POR NUESTRO PAIS
414,B- UNIDAD DE LUCHADORES Y LA IZQUIERDA,SOLANO-RIPOLL,7278,59.0,1.12,Salta,FRENTE DE IZQUIERDA Y DE TRABAJADORES - UNIDAD
415,A- UNIR Y FORTALECER LA IZQUIERDA,BREGMAN-DEL CAÑO,5057,40.99,0.78,Salta,FRENTE DE IZQUIERDA Y DE TRABAJADORES - UNIDAD
416,A- AZUL Y ROJO,ESCOBAR-LEZAMA HID,8012,100.0,1.24,Salta,MOVIMIENTO LIBRES DEL SUR
417,A- UNIDAD OBRERA,RAMAL-URONES,3884,100.0,0.6,Salta,POLITICA OBRERA
418,B- CONFEDERAL,CÚNEO-BARRANCO,1277,50.27,0.19,Salta,MOVIMIENTO IZQUIERDA JUVENTUD Y DIGNIDAD
419,A- DIGNIDAD,CASTELLS-REINOSO,1263,49.72,0.19,Salta,MOVIMIENTO IZQUIERDA JUVENTUD Y DIGNIDAD
420,"1A- TIERRA, TECHO  Y TRABAJO",MORENO-FABRE,2142,97.62,0.33,Salta,PRINCIPIOS Y VALORES
421,2B- TRANSFORMAR,MARTINEZ-SOUTO,24,1.09,0.01,Salta,PRINCIPIOS Y VALORES
422,5E- LABORISTA,ARIAS-VERA,17,0.77,0.01,Salta,PRINCIPIOS Y VALORES
423,4D- GENTE DE TRABAJO,BARTOLINI-GOMEZ,6,0.27,0.01,Salta,PRINCIPIOS Y VALORES
424,3C- TRES BANDERAS,OLIVER-SAN MARTIN,5,0.22,0.01,Salta,PRINCIPIOS Y VALORES
425,A- IZQUIERDA ANTICAPITALISTA,CASTAÑEIRA-RUIZ,1887,100.0,0.29,Salta,MOVIMIENTO AL SOCIALISMO
426,A- PRIMERO LA PATRIA,BIONDINI-AVENDAÑO,1363,100.0,0.21,Salta,FRENTE PATRIOTA FEDERAL
427,A- COMPROMISO VECINAL,ALBARRACIN-PASTORE,1282,100.0,0.19,Salta,MOVIMIENTO DE ACCION VECINAL
428,A- COALICION PAZ DEMOCRACIA SOBERANIA,GIARDINELLI-SOLERNOU,608,93.68,0.09,Salta,PROYECTO JOVEN
429,B- PATRIA UNIDA,AYERBE-RODRIGUEZ,27,4.16,0.01,Salta,PROYECTO JOVEN
430,C- TODEX,IBAÑEZ-IBARRA,14,2.15,0.01,Salta,PROYECTO JOVEN
431,A- DEMOS,ETCHEPARE-LORENZO,40,58.82,0.01,Salta,FRENTE LIBER.AR
432,C- ANTICORRUPCIÓN,BARBARO-PUCHETA,19,27.94,0.01,Salta,FRENTE LIBER.AR
433,B- RECONQUISTA,VASENA-LAGONEGRO,9,13.23,0.01,Salta,FRENTE LIBER.AR
434,A- APERTURA LIBERAL ARGENTINA,PASSAMONTI-FERNANDEZ,47,100.0,0.01,Salta,UNION DEL CENTRO DEMOCRATICO
435,A- LIBERTAD POR SIEMPRE,MILEI-VILLARRUEL,143858,100.0,34.17,San Juan,LA LIBERTAD AVANZA
436,A- CELESTE Y BLANCA,MASSA-ROSSI,95443,78.05,22.67,San Juan,UNION POR LA PATRIA
437,B- JUSTA Y SOBERANA,GRABOIS-ABAL MEDINA,26841,21.94,6.37,San Juan,UNION POR LA PATRIA
438,A- EL CAMBIO DE NUESTRAS VIDAS,RODRIGUEZ LARRETA-MORALES,63523,54.08,15.08,San Juan,JUNTOS POR EL CAMBIO
439,B- LA FUERZA DEL CAMBIO,BULLRICH-PETRI,53926,45.91,12.81,San Juan,JUNTOS POR EL CAMBIO
440,A- HACEMOS,SCHIARETTI-RANDAZZO,6896,100.0,1.63,San Juan,HACEMOS POR NUESTRO PAIS
441,A- UNIR Y FORTALECER LA IZQUIERDA,BREGMAN-DEL CAÑO,3244,58.94,0.77,San Juan,FRENTE DE IZQUIERDA Y DE TRABAJADORES - UNIDAD
442,B- UNIDAD DE LUCHADORES Y LA IZQUIERDA,SOLANO-RIPOLL,2259,41.05,0.53,San Juan,FRENTE DE IZQUIERDA Y DE TRABAJADORES - UNIDAD
443,A- AZUL Y ROJO,ESCOBAR-LEZAMA HID,2838,100.0,0.67,San Juan,MOVIMIENTO LIBRES DEL SUR
444,B- CONFEDERAL,CÚNEO-BARRANCO,1434,58.24,0.34,San Juan,MOVIMIENTO IZQUIERDA JUVENTUD Y DIGNIDAD
445,A- DIGNIDAD,CASTELLS-REINOSO,1028,41.75,0.24,San Juan,MOVIMIENTO IZQUIERDA JUVENTUD Y DIGNIDAD
446,A- UNIDAD OBRERA,RAMAL-URONES,1251,100.0,0.29,San Juan,POLITICA OBRERA
447,A- PRIMERO LA PATRIA,BIONDINI-AVENDAÑO,1187,100.0,0.28,San Juan,FRENTE PATRIOTA FEDERAL
448,A- IZQUIERDA ANTICAPITALISTA,CASTAÑEIRA-RUIZ,1130,100.0,0.26,San Juan,MOVIMIENTO AL SOCIALISMO
449,"1A- TIERRA, TECHO  Y TRABAJO",MORENO-FABRE,1037,99.42,0.24,San Juan,PRINCIPIOS Y VALORES
450,2B- TRANSFORMAR,MARTINEZ-SOUTO,3,0.28,0.01,San Juan,PRINCIPIOS Y VALORES
451,3C- TRES BANDERAS,OLIVER-SAN MARTIN,1,0.09,0.01,San Juan,PRINCIPIOS Y VALORES
452,4D- GENTE DE TRABAJO,BARTOLINI-GOMEZ,1,0.09,0.01,San Juan,PRINCIPIOS Y VALORES
453,5E- LABORISTA,ARIAS-VERA,1,0.09,0.01,San Juan,PRINCIPIOS Y VALORES
454,A- COMPROMISO VECINAL,ALBARRACIN-PASTORE,961,100.0,0.22,San Juan,MOVIMIENTO DE ACCION VECINAL
455,C- ANTICORRUPCIÓN,BARBARO-PUCHETA,128,88.27,0.03,San Juan,FRENTE LIBER.AR
456,B- RECONQUISTA,VASENA-LAGONEGRO,10,6.89,0.01,San Juan,FRENTE LIBER.AR
457,A- DEMOS,ETCHEPARE-LORENZO,7,4.82,0.01,San Juan,FRENTE LIBER.AR
458,A- COALICION PAZ DEMOCRACIA SOBERANIA,GIARDINELLI-SOLERNOU,15,88.23,0.01,San Juan,PROYECTO JOVEN
459,B- PATRIA UNIDA,AYERBE-RODRIGUEZ,1,5.88,0.01,San Juan,PROYECTO JOVEN
460,C- TODEX,IBAÑEZ-IBARRA,1,5.88,0.01,San Juan,PROYECTO JOVEN
461,A- APERTURA LIBERAL ARGENTINA,PASSAMONTI-FERNANDEZ,5,100.0,0.01,San Juan,UNION DEL CENTRO DEMOCRATICO
462,A- LIBERTAD POR SIEMPRE,MILEI-VILLARRUEL,135471,100.0,47.85,San Luis,LA LIBERTAD AVANZA
463,B- LA FUERZA DEL CAMBIO,BULLRICH-PETRI,33385,50.14,11.79,San Luis,JUNTOS POR EL CAMBIO
464,A- EL CAMBIO DE NUESTRAS VIDAS,RODRIGUEZ LARRETA-MORALES,33194,49.85,11.72,San Luis,JUNTOS POR EL CAMBIO
465,A- CELESTE Y BLANCA,MASSA-ROSSI,38315,77.69,13.53,San Luis,UNION POR LA PATRIA
466,B- JUSTA Y SOBERANA,GRABOIS-ABAL MEDINA,10999,22.3,3.88,San Luis,UNION POR LA PATRIA
467,A- HACEMOS,SCHIARETTI-RANDAZZO,8263,100.0,2.91,San Luis,HACEMOS POR NUESTRO PAIS
468,A- UNIR Y FORTALECER LA IZQUIERDA,BREGMAN-DEL CAÑO,3006,76.27,1.06,San Luis,FRENTE DE IZQUIERDA Y DE TRABAJADORES - UNIDAD
469,B- UNIDAD DE LUCHADORES Y LA IZQUIERDA,SOLANO-RIPOLL,935,23.72,0.33,San Luis,FRENTE DE IZQUIERDA Y DE TRABAJADORES - UNIDAD
470,A- AZUL Y ROJO,ESCOBAR-LEZAMA HID,2769,100.0,0.97,San Luis,MOVIMIENTO LIBRES DEL SUR
471,B- CONFEDERAL,CÚNEO-BARRANCO,666,52.68,0.23,San Luis,MOVIMIENTO IZQUIERDA JUVENTUD Y DIGNIDAD
472,A- DIGNIDAD,CASTELLS-REINOSO,598,47.31,0.21,San Luis,MOVIMIENTO IZQUIERDA JUVENTUD Y DIGNIDAD
473,"1A- TIERRA, TECHO  Y TRABAJO",MORENO-FABRE,1189,96.9,0.41,San Luis,PRINCIPIOS Y VALORES
474,3C- TRES BANDERAS,OLIVER-SAN MARTIN,14,1.14,0.01,San Luis,PRINCIPIOS Y VALORES
475,4D- GENTE DE TRABAJO,BARTOLINI-GOMEZ,11,0.89,0.01,San Luis,PRINCIPIOS Y VALORES
476,2B- TRANSFORMAR,MARTINEZ-SOUTO,7,0.57,0.01,San Luis,PRINCIPIOS Y VALORES
477,5E- LABORISTA,ARIAS-VERA,6,0.48,0.01,San Luis,PRINCIPIOS Y VALORES
478,A- PRIMERO LA PATRIA,BIONDINI-AVENDAÑO,1127,100.0,0.39,San Luis,FRENTE PATRIOTA FEDERAL
479,A- UNIDAD OBRERA,RAMAL-URONES,987,100.0,0.34,San Luis,POLITICA OBRERA
480,A- IZQUIERDA ANTICAPITALISTA,CASTAÑEIRA-RUIZ,874,100.0,0.3,San Luis,MOVIMIENTO AL SOCIALISMO
481,A- COMPROMISO VECINAL,ALBARRACIN-PASTORE,803,100.0,0.28,San Luis,MOVIMIENTO DE ACCION VECINAL
482,A- DEMOS,ETCHEPARE-LORENZO,186,84.54,0.06,San Luis,FRENTE LIBER.AR
483,B- RECONQUISTA,VASENA-LAGONEGRO,21,9.54,0.01,San Luis,FRENTE LIBER.AR
484,C- ANTICORRUPCIÓN,BARBARO-PUCHETA,13,5.9,0.01,San Luis,FRENTE LIBER.AR
485,A- COALICION PAZ DEMOCRACIA SOBERANIA,GIARDINELLI-SOLERNOU,17,43.58,0.01,San Luis,PROYECTO JOVEN
486,B- PATRIA UNIDA,AYERBE-RODRIGUEZ,13,33.33,0.01,San Luis,PROYECTO JOVEN
487,C- TODEX,IBAÑEZ-IBARRA,9,23.07,0.01,San Luis,PROYECTO JOVEN
488,A- APERTURA LIBERAL ARGENTINA,PASSAMONTI-FERNANDEZ,27,100.0,0.01,San Luis,UNION DEL CENTRO DEMOCRATICO
489,A- LIBERTAD POR SIEMPRE,MILEI-VILLARRUEL,52189,100.0,28.96,Santa Cruz,LA LIBERTAD AVANZA
490,A- CELESTE Y BLANCA,MASSA-ROSSI,29622,76.98,16.43,Santa Cruz,UNION POR LA PATRIA
491,B- JUSTA Y SOBERANA,GRABOIS-ABAL MEDINA,8857,23.01,4.91,Santa Cruz,UNION POR LA PATRIA
492,B- LA FUERZA DEL CAMBIO,BULLRICH-PETRI,17507,62.27,9.71,Santa Cruz,JUNTOS POR EL CAMBIO
493,A- EL CAMBIO DE NUESTRAS VIDAS,RODRIGUEZ LARRETA-MORALES,10604,37.72,5.88,Santa Cruz,JUNTOS POR EL CAMBIO
494,A- HACEMOS,SCHIARETTI-RANDAZZO,3679,100.0,2.04,Santa Cruz,HACEMOS POR NUESTRO PAIS
495,A- UNIR Y FORTALECER LA IZQUIERDA,BREGMAN-DEL CAÑO,1856,56.34,1.02,Santa Cruz,FRENTE DE IZQUIERDA Y DE TRABAJADORES - UNIDAD
496,B- UNIDAD DE LUCHADORES Y LA IZQUIERDA,SOLANO-RIPOLL,1438,43.65,0.79,Santa Cruz,FRENTE DE IZQUIERDA Y DE TRABAJADORES - UNIDAD
497,A- AZUL Y ROJO,ESCOBAR-LEZAMA HID,607,100.0,0.33,Santa Cruz,MOVIMIENTO LIBRES DEL SUR
498,A- IZQUIERDA ANTICAPITALISTA,CASTAÑEIRA-RUIZ,414,100.0,0.22,Santa Cruz,MOVIMIENTO AL SOCIALISMO
499,A- UNIDAD OBRERA,RAMAL-URONES,403,100.0,0.22,Santa Cruz,POLITICA OBRERA
500,B- CONFEDERAL,CÚNEO-BARRANCO,334,93.03,0.18,Santa Cruz,MOVIMIENTO IZQUIERDA JUVENTUD Y DIGNIDAD
501,A- DIGNIDAD,CASTELLS-REINOSO,25,6.96,0.01,Santa Cruz,MOVIMIENTO IZQUIERDA JUVENTUD Y DIGNIDAD
502,A- PRIMERO LA PATRIA,BIONDINI-AVENDAÑO,209,100.0,0.11,Santa Cruz,FRENTE PATRIOTA FEDERAL
503,A- COMPROMISO VECINAL,ALBARRACIN-PASTORE,138,100.0,0.07,Santa Cruz,MOVIMIENTO DE ACCION VECINAL
504,"1A- TIERRA, TECHO  Y TRABAJO",MORENO-FABRE,65,100.0,0.03,Santa Cruz,PRINCIPIOS Y VALORES
505,2B- TRANSFORMAR,MARTINEZ-SOUTO,0,0.0,0.0,Santa Cruz,PRINCIPIOS Y VALORES
506,3C- TRES BANDERAS,OLIVER-SAN MARTIN,0,0.0,0.0,Santa Cruz,PRINCIPIOS Y VALORES
507,4D- GENTE DE TRABAJO,BARTOLINI-GOMEZ,0,0.0,0.0,Santa Cruz,PRINCIPIOS Y VALORES
508,5E- LABORISTA,ARIAS-VERA,0,0.0,0.0,Santa Cruz,PRINCIPIOS Y VALORES
509,A- DEMOS,ETCHEPARE-LORENZO,11,91.66,0.01,Santa Cruz,FRENTE LIBER.AR
510,C- ANTICORRUPCIÓN,BARBARO-PUCHETA,1,8.33,0.01,Santa Cruz,FRENTE LIBER.AR
511,B- RECONQUISTA,VASENA-LAGONEGRO,0,0.0,0.0,Santa Cruz,FRENTE LIBER.AR
512,B- PATRIA UNIDA,AYERBE-RODRIGUEZ,3,75.0,0.01,Santa Cruz,PROYECTO JOVEN
513,A- COALICION PAZ DEMOCRACIA SOBERANIA,GIARDINELLI-SOLERNOU,1,25.0,0.01,Santa Cruz,PROYECTO JOVEN
514,C- TODEX,IBAÑEZ-IBARRA,0,0.0,0.0,Santa Cruz,PROYECTO JOVEN
515,A- APERTURA LIBERAL ARGENTINA,PASSAMONTI-FERNANDEZ,4,100.0,0.01,Santa Cruz,UNION DEL CENTRO DEMOCRATICO
516,A- LIBERTAD POR SIEMPRE,MILEI-VILLARRUEL,646315,100.0,35.19,Santa Fe,LA LIBERTAD AVANZA
517,B- LA FUERZA DEL CAMBIO,BULLRICH-PETRI,369533,63.72,20.12,Santa Fe,JUNTOS POR EL CAMBIO
518,A- EL CAMBIO DE NUESTRAS VIDAS,RODRIGUEZ LARRETA-MORALES,210334,36.27,11.45,Santa Fe,JUNTOS POR EL CAMBIO
519,A- CELESTE Y BLANCA,MASSA-ROSSI,301725,77.99,16.43,Santa Fe,UNION POR LA PATRIA
520,B- JUSTA Y SOBERANA,GRABOIS-ABAL MEDINA,85140,22.0,4.63,Santa Fe,UNION POR LA PATRIA
521,A- HACEMOS,SCHIARETTI-RANDAZZO,67563,100.0,3.67,Santa Fe,HACEMOS POR NUESTRO PAIS
522,A- UNIR Y FORTALECER LA IZQUIERDA,BREGMAN-DEL CAÑO,21601,70.03,1.17,Santa Fe,FRENTE DE IZQUIERDA Y DE TRABAJADORES - UNIDAD
523,B- UNIDAD DE LUCHADORES Y LA IZQUIERDA,SOLANO-RIPOLL,9244,29.96,0.5,Santa Fe,FRENTE DE IZQUIERDA Y DE TRABAJADORES - UNIDAD
524,"1A- TIERRA, TECHO  Y TRABAJO",MORENO-FABRE,25979,98.75,1.41,Santa Fe,PRINCIPIOS Y VALORES
525,2B- TRANSFORMAR,MARTINEZ-SOUTO,217,0.82,0.01,Santa Fe,PRINCIPIOS Y VALORES
526,3C- TRES BANDERAS,OLIVER-SAN MARTIN,41,0.15,0.01,Santa Fe,PRINCIPIOS Y VALORES
527,5E- LABORISTA,ARIAS-VERA,36,0.13,0.01,Santa Fe,PRINCIPIOS Y VALORES
528,4D- GENTE DE TRABAJO,BARTOLINI-GOMEZ,34,0.12,0.01,Santa Fe,PRINCIPIOS Y VALORES
529,B- CONFEDERAL,CÚNEO-BARRANCO,4468,66.75,0.24,Santa Fe,MOVIMIENTO IZQUIERDA JUVENTUD Y DIGNIDAD
530,A- DIGNIDAD,CASTELLS-REINOSO,2225,33.24,0.12,Santa Fe,MOVIMIENTO IZQUIERDA JUVENTUD Y DIGNIDAD
531,A- AZUL Y ROJO,ESCOBAR-LEZAMA HID,5606,100.0,0.3,Santa Fe,MOVIMIENTO LIBRES DEL SUR
532,A- IZQUIERDA ANTICAPITALISTA,CASTAÑEIRA-RUIZ,5554,100.0,0.3,Santa Fe,MOVIMIENTO AL SOCIALISMO
533,B- RECONQUISTA,VASENA-LAGONEGRO,2359,58.71,0.12,Santa Fe,FRENTE LIBER.AR
534,C- ANTICORRUPCIÓN,BARBARO-PUCHETA,853,21.22,0.04,Santa Fe,FRENTE LIBER.AR
535,A- DEMOS,ETCHEPARE-LORENZO,806,20.05,0.04,Santa Fe,FRENTE LIBER.AR
536,A- UNIDAD OBRERA,RAMAL-URONES,3578,100.0,0.19,Santa Fe,POLITICA OBRERA
537,A- PRIMERO LA PATRIA,BIONDINI-AVENDAÑO,2406,100.0,0.13,Santa Fe,FRENTE PATRIOTA FEDERAL
538,A- COMPROMISO VECINAL,ALBARRACIN-PASTORE,2288,100.0,0.12,Santa Fe,MOVIMIENTO DE ACCION VECINAL
539,A- COALICION PAZ DEMOCRACIA SOBERANIA,GIARDINELLI-SOLERNOU,1217,63.51,0.06,Santa Fe,PROYECTO JOVEN
540,C- TODEX,IBAÑEZ-IBARRA,455,23.74,0.02,Santa Fe,PROYECTO JOVEN
541,B- PATRIA UNIDA,AYERBE-RODRIGUEZ,244,12.73,0.01,Santa Fe,PROYECTO JOVEN
542,A- APERTURA LIBERAL ARGENTINA,PASSAMONTI-FERNANDEZ,1218,100.0,0.06,Santa Fe,UNION DEL CENTRO DEMOCRATICO
543,A- CELESTE Y BLANCA,MASSA-ROSSI,272293,97.05,51.71,Santiago del Estero,UNION POR LA PATRIA
544,B- JUSTA Y SOBERANA,GRABOIS-ABAL MEDINA,8270,2.94,1.57,Santiago del Estero,UNION POR LA PATRIA
545,A- LIBERTAD POR SIEMPRE,MILEI-VILLARRUEL,142042,100.0,26.97,Santiago del Estero,LA LIBERTAD AVANZA
546,B- LA FUERZA DEL CAMBIO,BULLRICH-PETRI,31652,56.61,6.01,Santiago del Estero,JUNTOS POR EL CAMBIO
547,A- EL CAMBIO DE NUESTRAS VIDAS,RODRIGUEZ LARRETA-MORALES,24260,43.38,4.6,Santiago del Estero,JUNTOS POR EL CAMBIO
548,A- AZUL Y ROJO,ESCOBAR-LEZAMA HID,10260,100.0,1.94,Santiago del Estero,MOVIMIENTO LIBRES DEL SUR
549,A- HACEMOS,SCHIARETTI-RANDAZZO,7605,100.0,1.44,Santiago del Estero,HACEMOS POR NUESTRO PAIS
550,A- UNIR Y FORTALECER LA IZQUIERDA,BREGMAN-DEL CAÑO,2890,51.55,0.54,Santiago del Estero,FRENTE DE IZQUIERDA Y DE TRABAJADORES - UNIDAD
551,B- UNIDAD DE LUCHADORES Y LA IZQUIERDA,SOLANO-RIPOLL,2716,48.44,0.51,Santiago del Estero,FRENTE DE IZQUIERDA Y DE TRABAJADORES - UNIDAD
552,A- IZQUIERDA ANTICAPITALISTA,CASTAÑEIRA-RUIZ,1644,100.0,0.31,Santiago del Estero,MOVIMIENTO AL SOCIALISMO
553,B- CONFEDERAL,CÚNEO-BARRANCO,731,57.1,0.13,Santiago del Estero,MOVIMIENTO IZQUIERDA JUVENTUD Y DIGNIDAD
554,A- DIGNIDAD,CASTELLS-REINOSO,549,42.89,0.1,Santiago del Estero,MOVIMIENTO IZQUIERDA JUVENTUD Y DIGNIDAD
555,A- UNIDAD OBRERA,RAMAL-URONES,1192,100.0,0.22,Santiago del Estero,POLITICA OBRERA
556,A- COMPROMISO VECINAL,ALBARRACIN-PASTORE,808,100.0,0.15,Santiago del Estero,MOVIMIENTO DE ACCION VECINAL
557,A- PRIMERO LA PATRIA,BIONDINI-AVENDAÑO,790,100.0,0.15,Santiago del Estero,FRENTE PATRIOTA FEDERAL
558,C- ANTICORRUPCIÓN,BARBARO-PUCHETA,278,87.14,0.05,Santiago del Estero,FRENTE LIBER.AR
559,A- DEMOS,ETCHEPARE-LORENZO,33,10.34,0.01,Santiago del Estero,FRENTE LIBER.AR
560,B- RECONQUISTA,VASENA-LAGONEGRO,8,2.5,0.01,Santiago del Estero,FRENTE LIBER.AR
561,B- PATRIA UNIDA,AYERBE-RODRIGUEZ,51,65.38,0.01,Santiago del Estero,PROYECTO JOVEN
562,A- COALICION PAZ DEMOCRACIA SOBERANIA,GIARDINELLI-SOLERNOU,23,29.48,0.01,Santiago del Estero,PROYECTO JOVEN
563,C- TODEX,IBAÑEZ-IBARRA,4,5.12,0.01,Santiago del Estero,PROYECTO JOVEN
564,"1A- TIERRA, TECHO  Y TRABAJO",MORENO-FABRE,11,84.61,0.01,Santiago del Estero,PRINCIPIOS Y VALORES
565,5E- LABORISTA,ARIAS-VERA,2,15.38,0.01,Santiago del Estero,PRINCIPIOS Y VALORES
566,2B- TRANSFORMAR,MARTINEZ-SOUTO,0,0.0,0.0,Santiago del Estero,PRINCIPIOS Y VALORES
567,3C- TRES BANDERAS,OLIVER-SAN MARTIN,0,0.0,0.0,Santiago del Estero,PRINCIPIOS Y VALORES
568,4D- GENTE DE TRABAJO,BARTOLINI-GOMEZ,0,0.0,0.0,Santiago del Estero,PRINCIPIOS Y VALORES
569,A- APERTURA LIBERAL ARGENTINA,PASSAMONTI-FERNANDEZ,2,100.0,0.01,Santiago del Estero,UNION DEL CENTRO DEMOCRATICO
570,A- LIBERTAD POR SIEMPRE,MILEI-VILLARRUEL,35697,100.0,35.28,Tierra del Fuego,LA LIBERTAD AVANZA
571,A- CELESTE Y BLANCA,MASSA-ROSSI,22786,76.97,22.52,Tierra del Fuego,UNION POR LA PATRIA
572,B- JUSTA Y SOBERANA,GRABOIS-ABAL MEDINA,6814,23.02,6.73,Tierra del Fuego,UNION POR LA PATRIA
573,B- LA FUERZA DEL CAMBIO,BULLRICH-PETRI,11704,55.61,11.56,Tierra del Fuego,JUNTOS POR EL CAMBIO
574,A- EL CAMBIO DE NUESTRAS VIDAS,RODRIGUEZ LARRETA-MORALES,9341,44.38,9.23,Tierra del Fuego,JUNTOS POR EL CAMBIO
575,A- HACEMOS,SCHIARETTI-RANDAZZO,4315,100.0,4.26,Tierra del Fuego,HACEMOS POR NUESTRO PAIS
576,A- UNIR Y FORTALECER LA IZQUIERDA,BREGMAN-DEL CAÑO,2074,76.72,2.05,Tierra del Fuego,FRENTE DE IZQUIERDA Y DE TRABAJADORES - UNIDAD
577,B- UNIDAD DE LUCHADORES Y LA IZQUIERDA,SOLANO-RIPOLL,629,23.27,0.62,Tierra del Fuego,FRENTE DE IZQUIERDA Y DE TRABAJADORES - UNIDAD
578,"1A- TIERRA, TECHO  Y TRABAJO",MORENO-FABRE,1848,99.56,1.82,Tierra del Fuego,PRINCIPIOS Y VALORES
579,2B- TRANSFORMAR,MARTINEZ-SOUTO,7,0.37,0.01,Tierra del Fuego,PRINCIPIOS Y VALORES
580,5E- LABORISTA,ARIAS-VERA,1,0.05,0.01,Tierra del Fuego,PRINCIPIOS Y VALORES
581,3C- TRES BANDERAS,OLIVER-SAN MARTIN,0,0.0,0.0,Tierra del Fuego,PRINCIPIOS Y VALORES
582,4D- GENTE DE TRABAJO,BARTOLINI-GOMEZ,0,0.0,0.0,Tierra del Fuego,PRINCIPIOS Y VALORES
583,A- IZQUIERDA ANTICAPITALISTA,CASTAÑEIRA-RUIZ,842,100.0,0.83,Tierra del Fuego,MOVIMIENTO AL SOCIALISMO
584,A- UNIDAD OBRERA,RAMAL-URONES,726,100.0,0.71,Tierra del Fuego,POLITICA OBRERA
585,A- AZUL Y ROJO,ESCOBAR-LEZAMA HID,676,100.0,0.66,Tierra del Fuego,MOVIMIENTO LIBRES DEL SUR
586,A- COMPROMISO VECINAL,ALBARRACIN-PASTORE,479,100.0,0.47,Tierra del Fuego,MOVIMIENTO DE ACCION VECINAL
587,B- CONFEDERAL,CÚNEO-BARRANCO,16,64.0,0.01,Tierra del Fuego,MOVIMIENTO IZQUIERDA JUVENTUD Y DIGNIDAD
588,A- DIGNIDAD,CASTELLS-REINOSO,9,36.0,0.01,Tierra del Fuego,MOVIMIENTO IZQUIERDA JUVENTUD Y DIGNIDAD
589,A- PRIMERO LA PATRIA,BIONDINI-AVENDAÑO,12,100.0,0.01,Tierra del Fuego,FRENTE PATRIOTA FEDERAL
590,C- TODEX,IBAÑEZ-IBARRA,6,85.71,0.01,Tierra del Fuego,PROYECTO JOVEN
591,B- PATRIA UNIDA,AYERBE-RODRIGUEZ,1,14.28,0.01,Tierra del Fuego,PROYECTO JOVEN
592,A- COALICION PAZ DEMOCRACIA SOBERANIA,GIARDINELLI-SOLERNOU,0,0.0,0.0,Tierra del Fuego,PROYECTO JOVEN
593,A- APERTURA LIBERAL ARGENTINA,PASSAMONTI-FERNANDEZ,7,100.0,0.01,Tierra del Fuego,UNION DEL CENTRO DEMOCRATICO
594,B- RECONQUISTA,VASENA-LAGONEGRO,6,100.0,0.01,Tierra del Fuego,FRENTE LIBER.AR
595,A- DEMOS,ETCHEPARE-LORENZO,0,0.0,0.0,Tierra del Fuego,FRENTE LIBER.AR
596,C- ANTICORRUPCIÓN,BARBARO-PUCHETA,0,0.0,0.0,Tierra del Fuego,FRENTE LIBER.AR
597,A- LIBERTAD POR SIEMPRE,MILEI-VILLARRUEL,342681,100.0,35.95,Tucuman,LA LIBERTAD AVANZA
598,A- CELESTE Y BLANCA,MASSA-ROSSI,279766,89.35,29.34,Tucuman,UNION POR LA PATRIA
599,B- JUSTA Y SOBERANA,GRABOIS-ABAL MEDINA,33319,10.64,3.49,Tucuman,UNION POR LA PATRIA
600,B- LA FUERZA DEL CAMBIO,BULLRICH-PETRI,104824,50.64,10.99,Tucuman,JUNTOS POR EL CAMBIO
601,A- EL CAMBIO DE NUESTRAS VIDAS,RODRIGUEZ LARRETA-MORALES,102145,49.35,10.71,Tucuman,JUNTOS POR EL CAMBIO
602,A- UNIR Y FORTALECER LA IZQUIERDA,BREGMAN-DEL CAÑO,10118,63.12,1.06,Tucuman,FRENTE DE IZQUIERDA Y DE TRABAJADORES - UNIDAD
603,B- UNIDAD DE LUCHADORES Y LA IZQUIERDA,SOLANO-RIPOLL,5911,36.87,0.62,Tucuman,FRENTE DE IZQUIERDA Y DE TRABAJADORES - UNIDAD
604,A- AZUL Y ROJO,ESCOBAR-LEZAMA HID,15445,100.0,1.62,Tucuman,MOVIMIENTO LIBRES DEL SUR
605,A- HACEMOS,SCHIARETTI-RANDAZZO,11302,100.0,1.18,Tucuman,HACEMOS POR NUESTRO PAIS
606,A- UNIDAD OBRERA,RAMAL-URONES,3349,100.0,0.35,Tucuman,POLITICA OBRERA
607,A- DIGNIDAD,CASTELLS-REINOSO,1625,50.7,0.17,Tucuman,MOVIMIENTO IZQUIERDA JUVENTUD Y DIGNIDAD
608,B- CONFEDERAL,CÚNEO-BARRANCO,1580,49.29,0.16,Tucuman,MOVIMIENTO IZQUIERDA JUVENTUD Y DIGNIDAD
609,A- IZQUIERDA ANTICAPITALISTA,CASTAÑEIRA-RUIZ,2971,100.0,0.31,Tucuman,MOVIMIENTO AL SOCIALISMO
610,A- PRIMERO LA PATRIA,BIONDINI-AVENDAÑO,2889,100.0,0.3,Tucuman,FRENTE PATRIOTA FEDERAL
611,"1A- TIERRA, TECHO  Y TRABAJO",MORENO-FABRE,1956,93.18,0.2,Tucuman,PRINCIPIOS Y VALORES
612,2B- TRANSFORMAR,MARTINEZ-SOUTO,66,3.14,0.01,Tucuman,PRINCIPIOS Y VALORES
613,5E- LABORISTA,ARIAS-VERA,51,2.42,0.01,Tucuman,PRINCIPIOS Y VALORES
614,3C- TRES BANDERAS,OLIVER-SAN MARTIN,16,0.76,0.01,Tucuman,PRINCIPIOS Y VALORES
615,4D- GENTE DE TRABAJO,BARTOLINI-GOMEZ,10,0.47,0.01,Tucuman,PRINCIPIOS Y VALORES
616,A- COMPROMISO VECINAL,ALBARRACIN-PASTORE,1972,100.0,0.2,Tucuman,MOVIMIENTO DE ACCION VECINAL
617,C- ANTICORRUPCIÓN,BARBARO-PUCHETA,286,55.64,0.03,Tucuman,FRENTE LIBER.AR
618,B- RECONQUISTA,VASENA-LAGONEGRO,138,26.84,0.01,Tucuman,FRENTE LIBER.AR
619,A- DEMOS,ETCHEPARE-LORENZO,90,17.5,0.01,Tucuman,FRENTE LIBER.AR
620,A- COALICION PAZ DEMOCRACIA SOBERANIA,GIARDINELLI-SOLERNOU,23,50.0,0.01,Tucuman,PROYECTO JOVEN
621,C- TODEX,IBAÑEZ-IBARRA,17,36.95,0.01,Tucuman,PROYECTO JOVEN
622,B- PATRIA UNIDA,AYERBE-RODRIGUEZ,6,13.04,0.01,Tucuman,PROYECTO JOVEN
623,A- APERTURA LIBERAL ARGENTINA,PASSAMONTI-FERNANDEZ,33,100.0,0.01,Tucuman,UNION DEL CENTRO DEMOCRATICO
